date,year,month,day,cluster_i,cluster_j,node_index
1991-06-01,1991,6,1,1,2,4
1991-06-02,1991,6,2,1,2,4
1991-06-03,1991,6,3,1,2,4
1991-06-04,1991,6,4,1,2,4
1991-06-05,1991,6,5,1,2,4
1991-06-06,1991,6,6,3,1,3
1991-06-07,1991,6,7,3,1,3
1991-06-08,1991,6,8,3,1,3
1991-06-09,1991,6,9,3,1,3
1991-06-10,1991,6,10,2,1,2
1991-06-11,1991,6,11,2,1,2
1991-06-12,1991,6,12,1,2,4
1991-06-13,1991,6,13,1,3,7
1991-06-14,1991,6,14,1,3,7
1991-06-15,1991,6,15,3,3,9
1991-06-16,1991,6,16,3,3,9
1991-06-17,1991,6,17,3,3,9
1991-06-18,1991,6,18,3,3,9
1991-06-19,1991,6,19,3,3,9
1991-06-20,1991,6,20,1,3,7
1991-06-21,1991,6,21,1,3,7
1991-06-22,1991,6,22,1,3,7
1991-06-23,1991,6,23,1,3,7
1991-06-24,1991,6,24,1,3,7
1991-06-25,1991,6,25,1,3,7
1991-06-26,1991,6,26,1,3,7
1991-06-27,1991,6,27,1,3,7
1991-06-28,1991,6,28,1,3,7
1991-06-29,1991,6,29,1,2,4
1991-06-30,1991,6,30,1,2,4
1991-07-01,1991,7,1,1,1,1
1991-07-02,1991,7,2,1,1,1
1991-07-03,1991,7,3,1,1,1
1991-07-04,1991,7,4,1,3,7
1991-07-05,1991,7,5,1,3,7
1991-07-06,1991,7,6,1,1,1
1991-07-07,1991,7,7,2,1,2
1991-07-08,1991,7,8,2,1,2
1991-07-09,1991,7,9,2,1,2
1991-07-10,1991,7,10,2,1,2
1991-07-11,1991,7,11,1,2,4
1991-07-12,1991,7,12,1,1,1
1991-07-13,1991,7,13,1,1,1
1991-07-14,1991,7,14,3,1,3
1991-07-15,1991,7,15,2,1,2
1991-07-16,1991,7,16,2,1,2
1991-07-17,1991,7,17,3,1,3
1991-07-18,1991,7,18,3,1,3
1991-07-19,1991,7,19,3,3,9
1991-07-20,1991,7,20,3,3,9
1991-07-21,1991,7,21,3,2,6
1991-07-22,1991,7,22,3,2,6
1991-07-23,1991,7,23,3,2,6
1991-07-24,1991,7,24,2,2,5
1991-07-25,1991,7,25,3,3,9
1991-07-26,1991,7,26,3,3,9
1991-07-27,1991,7,27,3,3,9
1991-07-28,1991,7,28,3,3,9
1991-07-29,1991,7,29,3,1,3
1991-07-30,1991,7,30,1,3,7
1991-07-31,1991,7,31,2,2,5
1991-08-01,1991,8,1,2,3,8
1991-08-02,1991,8,2,2,2,5
1991-08-03,1991,8,3,2,3,8
1991-08-04,1991,8,4,2,3,8
1991-08-05,1991,8,5,2,3,8
1991-08-06,1991,8,6,2,3,8
1991-08-07,1991,8,7,2,3,8
1991-08-08,1991,8,8,2,3,8
1991-08-09,1991,8,9,2,3,8
1991-08-10,1991,8,10,2,3,8
1991-08-11,1991,8,11,2,3,8
1991-08-12,1991,8,12,2,3,8
1991-08-13,1991,8,13,2,3,8
1991-08-14,1991,8,14,2,3,8
1991-08-15,1991,8,15,2,3,8
1991-08-16,1991,8,16,3,2,6
1991-08-17,1991,8,17,3,3,9
1991-08-18,1991,8,18,3,3,9
1991-08-19,1991,8,19,3,3,9
1991-08-20,1991,8,20,3,3,9
1991-08-21,1991,8,21,3,3,9
1991-08-22,1991,8,22,3,3,9
1991-08-23,1991,8,23,3,3,9
1991-08-24,1991,8,24,3,3,9
1991-08-25,1991,8,25,3,3,9
1991-08-26,1991,8,26,3,3,9
1991-08-27,1991,8,27,3,3,9
1991-08-28,1991,8,28,3,3,9
1991-08-29,1991,8,29,3,2,6
1991-08-30,1991,8,30,3,2,6
1991-08-31,1991,8,31,3,2,6
1992-06-01,1992,6,1,3,1,3
1992-06-02,1992,6,2,1,3,7
1992-06-03,1992,6,3,1,1,1
1992-06-04,1992,6,4,1,2,4
1992-06-05,1992,6,5,1,2,4
1992-06-06,1992,6,6,1,2,4
1992-06-07,1992,6,7,1,2,4
1992-06-08,1992,6,8,1,1,1
1992-06-09,1992,6,9,1,1,1
1992-06-10,1992,6,10,1,1,1
1992-06-11,1992,6,11,1,1,1
1992-06-12,1992,6,12,1,1,1
1992-06-13,1992,6,13,1,1,1
1992-06-14,1992,6,14,1,1,1
1992-06-15,1992,6,15,3,1,3
1992-06-16,1992,6,16,3,1,3
1992-06-17,1992,6,17,3,1,3
1992-06-18,1992,6,18,3,1,3
1992-06-19,1992,6,19,3,1,3
1992-06-20,1992,6,20,3,1,3
1992-06-21,1992,6,21,3,1,3
1992-06-22,1992,6,22,1,3,7
1992-06-23,1992,6,23,3,1,3
1992-06-24,1992,6,24,3,1,3
1992-06-25,1992,6,25,3,3,9
1992-06-26,1992,6,26,3,3,9
1992-06-27,1992,6,27,3,1,3
1992-06-28,1992,6,28,3,1,3
1992-06-29,1992,6,29,3,1,3
1992-06-30,1992,6,30,1,1,1
1992-07-01,1992,7,1,1,1,1
1992-07-02,1992,7,2,1,1,1
1992-07-03,1992,7,3,1,1,1
1992-07-04,1992,7,4,1,1,1
1992-07-05,1992,7,5,1,1,1
1992-07-06,1992,7,6,1,3,7
1992-07-07,1992,7,7,1,1,1
1992-07-08,1992,7,8,1,1,1
1992-07-09,1992,7,9,1,1,1
1992-07-10,1992,7,10,2,1,2
1992-07-11,1992,7,11,2,1,2
1992-07-12,1992,7,12,3,1,3
1992-07-13,1992,7,13,3,1,3
1992-07-14,1992,7,14,2,1,2
1992-07-15,1992,7,15,2,1,2
1992-07-16,1992,7,16,2,1,2
1992-07-17,1992,7,17,2,1,2
1992-07-18,1992,7,18,2,1,2
1992-07-19,1992,7,19,1,1,1
1992-07-20,1992,7,20,2,1,2
1992-07-21,1992,7,21,2,2,5
1992-07-22,1992,7,22,3,2,6
1992-07-23,1992,7,23,2,2,5
1992-07-24,1992,7,24,2,2,5
1992-07-25,1992,7,25,2,2,5
1992-07-26,1992,7,26,2,2,5
1992-07-27,1992,7,27,2,2,5
1992-07-28,1992,7,28,2,1,2
1992-07-29,1992,7,29,2,1,2
1992-07-30,1992,7,30,2,2,5
1992-07-31,1992,7,31,3,1,3
1992-08-01,1992,8,1,3,1,3
1992-08-02,1992,8,2,3,1,3
1992-08-03,1992,8,3,3,1,3
1992-08-04,1992,8,4,3,1,3
1992-08-05,1992,8,5,2,3,8
1992-08-06,1992,8,6,3,2,6
1992-08-07,1992,8,7,3,2,6
1992-08-08,1992,8,8,3,2,6
1992-08-09,1992,8,9,3,3,9
1992-08-10,1992,8,10,2,3,8
1992-08-11,1992,8,11,2,3,8
1992-08-12,1992,8,12,2,3,8
1992-08-13,1992,8,13,3,3,9
1992-08-14,1992,8,14,3,3,9
1992-08-15,1992,8,15,3,3,9
1992-08-16,1992,8,16,3,3,9
1992-08-17,1992,8,17,3,2,6
1992-08-18,1992,8,18,3,3,9
1992-08-19,1992,8,19,3,3,9
1992-08-20,1992,8,20,3,3,9
1992-08-21,1992,8,21,3,3,9
1992-08-22,1992,8,22,3,2,6
1992-08-23,1992,8,23,3,2,6
1992-08-24,1992,8,24,3,2,6
1992-08-25,1992,8,25,3,2,6
1992-08-26,1992,8,26,3,2,6
1992-08-27,1992,8,27,3,3,9
1992-08-28,1992,8,28,3,3,9
1992-08-29,1992,8,29,3,3,9
1992-08-30,1992,8,30,3,3,9
1992-08-31,1992,8,31,3,2,6
1993-06-01,1993,6,1,1,2,4
1993-06-02,1993,6,2,1,2,4
1993-06-03,1993,6,3,1,3,7
1993-06-04,1993,6,4,1,3,7
1993-06-05,1993,6,5,1,3,7
1993-06-06,1993,6,6,1,3,7
1993-06-07,1993,6,7,1,3,7
1993-06-08,1993,6,8,1,3,7
1993-06-09,1993,6,9,1,3,7
1993-06-10,1993,6,10,1,3,7
1993-06-11,1993,6,11,1,3,7
1993-06-12,1993,6,12,1,3,7
1993-06-13,1993,6,13,1,3,7
1993-06-14,1993,6,14,1,3,7
1993-06-15,1993,6,15,1,3,7
1993-06-16,1993,6,16,1,3,7
1993-06-17,1993,6,17,1,3,7
1993-06-18,1993,6,18,1,3,7
1993-06-19,1993,6,19,1,3,7
1993-06-20,1993,6,20,1,3,7
1993-06-21,1993,6,21,1,3,7
1993-06-22,1993,6,22,1,1,1
1993-06-23,1993,6,23,1,1,1
1993-06-24,1993,6,24,1,1,1
1993-06-25,1993,6,25,1,1,1
1993-06-26,1993,6,26,1,1,1
1993-06-27,1993,6,27,1,1,1
1993-06-28,1993,6,28,1,1,1
1993-06-29,1993,6,29,1,1,1
1993-06-30,1993,6,30,1,1,1
1993-07-01,1993,7,1,1,1,1
1993-07-02,1993,7,2,1,1,1
1993-07-03,1993,7,3,1,2,4
1993-07-04,1993,7,4,1,1,1
1993-07-05,1993,7,5,1,1,1
1993-07-06,1993,7,6,1,1,1
1993-07-07,1993,7,7,1,1,1
1993-07-08,1993,7,8,1,1,1
1993-07-09,1993,7,9,1,3,7
1993-07-10,1993,7,10,3,3,9
1993-07-11,1993,7,11,3,3,9
1993-07-12,1993,7,12,2,2,5
1993-07-13,1993,7,13,3,1,3
1993-07-14,1993,7,14,2,1,2
1993-07-15,1993,7,15,2,1,2
1993-07-16,1993,7,16,2,1,2
1993-07-17,1993,7,17,2,1,2
1993-07-18,1993,7,18,1,1,1
1993-07-19,1993,7,19,1,1,1
1993-07-20,1993,7,20,3,1,3
1993-07-21,1993,7,21,2,1,2
1993-07-22,1993,7,22,2,1,2
1993-07-23,1993,7,23,3,3,9
1993-07-24,1993,7,24,3,3,9
1993-07-25,1993,7,25,3,3,9
1993-07-26,1993,7,26,3,3,9
1993-07-27,1993,7,27,3,3,9
1993-07-28,1993,7,28,3,3,9
1993-07-29,1993,7,29,3,3,9
1993-07-30,1993,7,30,3,3,9
1993-07-31,1993,7,31,1,3,7
1993-08-01,1993,8,1,1,3,7
1993-08-02,1993,8,2,1,3,7
1993-08-03,1993,8,3,1,3,7
1993-08-04,1993,8,4,2,3,8
1993-08-05,1993,8,5,2,3,8
1993-08-06,1993,8,6,3,3,9
1993-08-07,1993,8,7,3,3,9
1993-08-08,1993,8,8,3,3,9
1993-08-09,1993,8,9,3,3,9
1993-08-10,1993,8,10,3,3,9
1993-08-11,1993,8,11,3,3,9
1993-08-12,1993,8,12,3,3,9
1993-08-13,1993,8,13,3,3,9
1993-08-14,1993,8,14,3,3,9
1993-08-15,1993,8,15,2,3,8
1993-08-16,1993,8,16,2,2,5
1993-08-17,1993,8,17,2,2,5
1993-08-18,1993,8,18,2,2,5
1993-08-19,1993,8,19,2,2,5
1993-08-20,1993,8,20,2,2,5
1993-08-21,1993,8,21,2,2,5
1993-08-22,1993,8,22,2,2,5
1993-08-23,1993,8,23,2,2,5
1993-08-24,1993,8,24,2,2,5
1993-08-25,1993,8,25,3,2,6
1993-08-26,1993,8,26,3,2,6
1993-08-27,1993,8,27,3,2,6
1993-08-28,1993,8,28,3,2,6
1993-08-29,1993,8,29,3,2,6
1993-08-30,1993,8,30,3,2,6
1993-08-31,1993,8,31,3,2,6
1994-06-01,1994,6,1,3,3,9
1994-06-02,1994,6,2,3,3,9
1994-06-03,1994,6,3,3,1,3
1994-06-04,1994,6,4,3,1,3
1994-06-05,1994,6,5,3,1,3
1994-06-06,1994,6,6,3,1,3
1994-06-07,1994,6,7,1,2,4
1994-06-08,1994,6,8,1,2,4
1994-06-09,1994,6,9,1,2,4
1994-06-10,1994,6,10,1,3,7
1994-06-11,1994,6,11,1,3,7
1994-06-12,1994,6,12,1,3,7
1994-06-13,1994,6,13,1,3,7
1994-06-14,1994,6,14,1,3,7
1994-06-15,1994,6,15,1,3,7
1994-06-16,1994,6,16,1,3,7
1994-06-17,1994,6,17,1,3,7
1994-06-18,1994,6,18,1,3,7
1994-06-19,1994,6,19,1,3,7
1994-06-20,1994,6,20,1,3,7
1994-06-21,1994,6,21,1,3,7
1994-06-22,1994,6,22,1,3,7
1994-06-23,1994,6,23,1,1,1
1994-06-24,1994,6,24,1,1,1
1994-06-25,1994,6,25,1,1,1
1994-06-26,1994,6,26,1,1,1
1994-06-27,1994,6,27,2,1,2
1994-06-28,1994,6,28,2,1,2
1994-06-29,1994,6,29,2,1,2
1994-06-30,1994,6,30,2,1,2
1994-07-01,1994,7,1,2,1,2
1994-07-02,1994,7,2,2,1,2
1994-07-03,1994,7,3,2,1,2
1994-07-04,1994,7,4,2,2,5
1994-07-05,1994,7,5,2,2,5
1994-07-06,1994,7,6,2,2,5
1994-07-07,1994,7,7,2,3,8
1994-07-08,1994,7,8,2,3,8
1994-07-09,1994,7,9,3,3,9
1994-07-10,1994,7,10,3,3,9
1994-07-11,1994,7,11,3,3,9
1994-07-12,1994,7,12,2,3,8
1994-07-13,1994,7,13,2,3,8
1994-07-14,1994,7,14,2,3,8
1994-07-15,1994,7,15,2,3,8
1994-07-16,1994,7,16,2,3,8
1994-07-17,1994,7,17,2,3,8
1994-07-18,1994,7,18,2,3,8
1994-07-19,1994,7,19,2,3,8
1994-07-20,1994,7,20,2,3,8
1994-07-21,1994,7,21,2,3,8
1994-07-22,1994,7,22,2,3,8
1994-07-23,1994,7,23,2,3,8
1994-07-24,1994,7,24,2,3,8
1994-07-25,1994,7,25,2,3,8
1994-07-26,1994,7,26,2,3,8
1994-07-27,1994,7,27,3,3,9
1994-07-28,1994,7,28,3,3,9
1994-07-29,1994,7,29,3,3,9
1994-07-30,1994,7,30,3,3,9
1994-07-31,1994,7,31,3,3,9
1994-08-01,1994,8,1,3,2,6
1994-08-02,1994,8,2,3,2,6
1994-08-03,1994,8,3,3,2,6
1994-08-04,1994,8,4,3,2,6
1994-08-05,1994,8,5,3,2,6
1994-08-06,1994,8,6,3,2,6
1994-08-07,1994,8,7,3,2,6
1994-08-08,1994,8,8,2,2,5
1994-08-09,1994,8,9,2,2,5
1994-08-10,1994,8,10,2,2,5
1994-08-11,1994,8,11,2,2,5
1994-08-12,1994,8,12,2,3,8
1994-08-13,1994,8,13,2,3,8
1994-08-14,1994,8,14,2,3,8
1994-08-15,1994,8,15,2,3,8
1994-08-16,1994,8,16,2,3,8
1994-08-17,1994,8,17,2,3,8
1994-08-18,1994,8,18,2,3,8
1994-08-19,1994,8,19,2,3,8
1994-08-20,1994,8,20,2,3,8
1994-08-21,1994,8,21,2,3,8
1994-08-22,1994,8,22,2,3,8
1994-08-23,1994,8,23,2,3,8
1994-08-24,1994,8,24,2,3,8
1994-08-25,1994,8,25,2,3,8
1994-08-26,1994,8,26,2,3,8
1994-08-27,1994,8,27,2,3,8
1994-08-28,1994,8,28,2,3,8
1994-08-29,1994,8,29,2,3,8
1994-08-30,1994,8,30,2,3,8
1994-08-31,1994,8,31,2,3,8
1995-06-01,1995,6,1,2,1,2
1995-06-02,1995,6,2,2,1,2
1995-06-03,1995,6,3,1,1,1
1995-06-04,1995,6,4,1,2,4
1995-06-05,1995,6,5,1,1,1
1995-06-06,1995,6,6,1,1,1
1995-06-07,1995,6,7,1,1,1
1995-06-08,1995,6,8,1,2,4
1995-06-09,1995,6,9,1,1,1
1995-06-10,1995,6,10,1,3,7
1995-06-11,1995,6,11,1,3,7
1995-06-12,1995,6,12,1,2,4
1995-06-13,1995,6,13,1,2,4
1995-06-14,1995,6,14,1,2,4
1995-06-15,1995,6,15,1,2,4
1995-06-16,1995,6,16,1,2,4
1995-06-17,1995,6,17,1,3,7
1995-06-18,1995,6,18,1,2,4
1995-06-19,1995,6,19,1,2,4
1995-06-20,1995,6,20,1,1,1
1995-06-21,1995,6,21,1,3,7
1995-06-22,1995,6,22,1,3,7
1995-06-23,1995,6,23,1,3,7
1995-06-24,1995,6,24,1,1,1
1995-06-25,1995,6,25,1,1,1
1995-06-26,1995,6,26,1,1,1
1995-06-27,1995,6,27,1,1,1
1995-06-28,1995,6,28,1,1,1
1995-06-29,1995,6,29,1,2,4
1995-06-30,1995,6,30,1,2,4
1995-07-01,1995,7,1,1,2,4
1995-07-02,1995,7,2,1,2,4
1995-07-03,1995,7,3,1,2,4
1995-07-04,1995,7,4,1,1,1
1995-07-05,1995,7,5,2,1,2
1995-07-06,1995,7,6,1,2,4
1995-07-07,1995,7,7,1,2,4
1995-07-08,1995,7,8,1,2,4
1995-07-09,1995,7,9,1,2,4
1995-07-10,1995,7,10,1,2,4
1995-07-11,1995,7,11,1,2,4
1995-07-12,1995,7,12,1,2,4
1995-07-13,1995,7,13,3,2,6
1995-07-14,1995,7,14,1,3,7
1995-07-15,1995,7,15,1,3,7
1995-07-16,1995,7,16,2,1,2
1995-07-17,1995,7,17,2,1,2
1995-07-18,1995,7,18,2,1,2
1995-07-19,1995,7,19,2,1,2
1995-07-20,1995,7,20,2,1,2
1995-07-21,1995,7,21,2,1,2
1995-07-22,1995,7,22,2,1,2
1995-07-23,1995,7,23,2,1,2
1995-07-24,1995,7,24,2,1,2
1995-07-25,1995,7,25,2,2,5
1995-07-26,1995,7,26,2,2,5
1995-07-27,1995,7,27,2,2,5
1995-07-28,1995,7,28,2,2,5
1995-07-29,1995,7,29,2,2,5
1995-07-30,1995,7,30,2,2,5
1995-07-31,1995,7,31,1,2,4
1995-08-01,1995,8,1,1,2,4
1995-08-02,1995,8,2,1,2,4
1995-08-03,1995,8,3,1,2,4
1995-08-04,1995,8,4,1,2,4
1995-08-05,1995,8,5,1,2,4
1995-08-06,1995,8,6,1,2,4
1995-08-07,1995,8,7,1,2,4
1995-08-08,1995,8,8,1,2,4
1995-08-09,1995,8,9,1,2,4
1995-08-10,1995,8,10,1,2,4
1995-08-11,1995,8,11,1,2,4
1995-08-12,1995,8,12,2,2,5
1995-08-13,1995,8,13,2,1,2
1995-08-14,1995,8,14,2,1,2
1995-08-15,1995,8,15,1,2,4
1995-08-16,1995,8,16,1,2,4
1995-08-17,1995,8,17,1,2,4
1995-08-18,1995,8,18,1,2,4
1995-08-19,1995,8,19,1,2,4
1995-08-20,1995,8,20,2,2,5
1995-08-21,1995,8,21,2,3,8
1995-08-22,1995,8,22,2,3,8
1995-08-23,1995,8,23,2,2,5
1995-08-24,1995,8,24,2,2,5
1995-08-25,1995,8,25,2,2,5
1995-08-26,1995,8,26,2,2,5
1995-08-27,1995,8,27,2,2,5
1995-08-28,1995,8,28,2,2,5
1995-08-29,1995,8,29,2,2,5
1995-08-30,1995,8,30,3,2,6
1995-08-31,1995,8,31,1,2,4
1996-06-01,1996,6,1,1,2,4
1996-06-02,1996,6,2,1,2,4
1996-06-03,1996,6,3,1,2,4
1996-06-04,1996,6,4,1,2,4
1996-06-05,1996,6,5,1,2,4
1996-06-06,1996,6,6,1,2,4
1996-06-07,1996,6,7,1,2,4
1996-06-08,1996,6,8,1,2,4
1996-06-09,1996,6,9,1,2,4
1996-06-10,1996,6,10,1,2,4
1996-06-11,1996,6,11,1,2,4
1996-06-12,1996,6,12,1,2,4
1996-06-13,1996,6,13,1,2,4
1996-06-14,1996,6,14,1,2,4
1996-06-15,1996,6,15,1,2,4
1996-06-16,1996,6,16,1,2,4
1996-06-17,1996,6,17,1,2,4
1996-06-18,1996,6,18,1,2,4
1996-06-19,1996,6,19,1,2,4
1996-06-20,1996,6,20,1,1,1
1996-06-21,1996,6,21,1,1,1
1996-06-22,1996,6,22,1,3,7
1996-06-23,1996,6,23,1,3,7
1996-06-24,1996,6,24,1,3,7
1996-06-25,1996,6,25,1,3,7
1996-06-26,1996,6,26,1,3,7
1996-06-27,1996,6,27,1,3,7
1996-06-28,1996,6,28,1,2,4
1996-06-29,1996,6,29,1,2,4
1996-06-30,1996,6,30,1,2,4
1996-07-01,1996,7,1,1,2,4
1996-07-02,1996,7,2,1,2,4
1996-07-03,1996,7,3,1,2,4
1996-07-04,1996,7,4,1,2,4
1996-07-05,1996,7,5,1,2,4
1996-07-06,1996,7,6,1,2,4
1996-07-07,1996,7,7,1,2,4
1996-07-08,1996,7,8,1,2,4
1996-07-09,1996,7,9,1,2,4
1996-07-10,1996,7,10,1,2,4
1996-07-11,1996,7,11,1,2,4
1996-07-12,1996,7,12,1,2,4
1996-07-13,1996,7,13,1,2,4
1996-07-14,1996,7,14,1,2,4
1996-07-15,1996,7,15,1,2,4
1996-07-16,1996,7,16,3,1,3
1996-07-17,1996,7,17,3,1,3
1996-07-18,1996,7,18,1,3,7
1996-07-19,1996,7,19,3,3,9
1996-07-20,1996,7,20,2,3,8
1996-07-21,1996,7,21,3,3,9
1996-07-22,1996,7,22,3,3,9
1996-07-23,1996,7,23,3,3,9
1996-07-24,1996,7,24,3,3,9
1996-07-25,1996,7,25,3,2,6
1996-07-26,1996,7,26,3,2,6
1996-07-27,1996,7,27,3,3,9
1996-07-28,1996,7,28,3,3,9
1996-07-29,1996,7,29,3,2,6
1996-07-30,1996,7,30,3,3,9
1996-07-31,1996,7,31,3,3,9
1996-08-01,1996,8,1,3,3,9
1996-08-02,1996,8,2,3,3,9
1996-08-03,1996,8,3,3,3,9
1996-08-04,1996,8,4,3,3,9
1996-08-05,1996,8,5,3,3,9
1996-08-06,1996,8,6,3,3,9
1996-08-07,1996,8,7,3,3,9
1996-08-08,1996,8,8,3,3,9
1996-08-09,1996,8,9,3,3,9
1996-08-10,1996,8,10,3,3,9
1996-08-11,1996,8,11,3,3,9
1996-08-12,1996,8,12,3,3,9
1996-08-13,1996,8,13,3,3,9
1996-08-14,1996,8,14,1,2,4
1996-08-15,1996,8,15,1,2,4
1996-08-16,1996,8,16,1,2,4
1996-08-17,1996,8,17,1,2,4
1996-08-18,1996,8,18,1,2,4
1996-08-19,1996,8,19,1,2,4
1996-08-20,1996,8,20,2,3,8
1996-08-21,1996,8,21,2,3,8
1996-08-22,1996,8,22,2,3,8
1996-08-23,1996,8,23,2,3,8
1996-08-24,1996,8,24,1,2,4
1996-08-25,1996,8,25,1,2,4
1996-08-26,1996,8,26,1,2,4
1996-08-27,1996,8,27,1,2,4
1996-08-28,1996,8,28,2,3,8
1996-08-29,1996,8,29,1,2,4
1996-08-30,1996,8,30,1,2,4
1996-08-31,1996,8,31,1,2,4
1997-06-01,1997,6,1,3,3,9
1997-06-02,1997,6,2,3,3,9
1997-06-03,1997,6,3,3,3,9
1997-06-04,1997,6,4,3,1,3
1997-06-05,1997,6,5,1,3,7
1997-06-06,1997,6,6,1,3,7
1997-06-07,1997,6,7,1,3,7
1997-06-08,1997,6,8,1,3,7
1997-06-09,1997,6,9,1,3,7
1997-06-10,1997,6,10,1,3,7
1997-06-11,1997,6,11,1,1,1
1997-06-12,1997,6,12,3,1,3
1997-06-13,1997,6,13,3,1,3
1997-06-14,1997,6,14,3,1,3
1997-06-15,1997,6,15,3,1,3
1997-06-16,1997,6,16,3,1,3
1997-06-17,1997,6,17,3,2,6
1997-06-18,1997,6,18,3,2,6
1997-06-19,1997,6,19,3,2,6
1997-06-20,1997,6,20,1,3,7
1997-06-21,1997,6,21,2,2,5
1997-06-22,1997,6,22,3,2,6
1997-06-23,1997,6,23,3,2,6
1997-06-24,1997,6,24,3,3,9
1997-06-25,1997,6,25,3,3,9
1997-06-26,1997,6,26,2,2,5
1997-06-27,1997,6,27,2,2,5
1997-06-28,1997,6,28,1,1,1
1997-06-29,1997,6,29,1,1,1
1997-06-30,1997,6,30,2,1,2
1997-07-01,1997,7,1,1,2,4
1997-07-02,1997,7,2,1,2,4
1997-07-03,1997,7,3,1,2,4
1997-07-04,1997,7,4,1,2,4
1997-07-05,1997,7,5,1,1,1
1997-07-06,1997,7,6,1,1,1
1997-07-07,1997,7,7,1,1,1
1997-07-08,1997,7,8,1,3,7
1997-07-09,1997,7,9,1,3,7
1997-07-10,1997,7,10,2,1,2
1997-07-11,1997,7,11,2,1,2
1997-07-12,1997,7,12,2,1,2
1997-07-13,1997,7,13,2,1,2
1997-07-14,1997,7,14,1,1,1
1997-07-15,1997,7,15,3,1,3
1997-07-16,1997,7,16,1,1,1
1997-07-17,1997,7,17,2,1,2
1997-07-18,1997,7,18,2,1,2
1997-07-19,1997,7,19,2,2,5
1997-07-20,1997,7,20,2,2,5
1997-07-21,1997,7,21,2,2,5
1997-07-22,1997,7,22,2,3,8
1997-07-23,1997,7,23,2,3,8
1997-07-24,1997,7,24,2,3,8
1997-07-25,1997,7,25,3,3,9
1997-07-26,1997,7,26,2,3,8
1997-07-27,1997,7,27,2,3,8
1997-07-28,1997,7,28,2,3,8
1997-07-29,1997,7,29,2,3,8
1997-07-30,1997,7,30,2,3,8
1997-07-31,1997,7,31,3,3,9
1997-08-01,1997,8,1,3,3,9
1997-08-02,1997,8,2,3,3,9
1997-08-03,1997,8,3,3,3,9
1997-08-04,1997,8,4,3,3,9
1997-08-05,1997,8,5,3,3,9
1997-08-06,1997,8,6,3,3,9
1997-08-07,1997,8,7,3,3,9
1997-08-08,1997,8,8,3,3,9
1997-08-09,1997,8,9,3,2,6
1997-08-10,1997,8,10,3,2,6
1997-08-11,1997,8,11,3,3,9
1997-08-12,1997,8,12,2,3,8
1997-08-13,1997,8,13,2,3,8
1997-08-14,1997,8,14,3,3,9
1997-08-15,1997,8,15,3,3,9
1997-08-16,1997,8,16,3,3,9
1997-08-17,1997,8,17,3,3,9
1997-08-18,1997,8,18,3,3,9
1997-08-19,1997,8,19,3,3,9
1997-08-20,1997,8,20,2,3,8
1997-08-21,1997,8,21,2,3,8
1997-08-22,1997,8,22,2,3,8
1997-08-23,1997,8,23,2,3,8
1997-08-24,1997,8,24,2,3,8
1997-08-25,1997,8,25,3,2,6
1997-08-26,1997,8,26,2,3,8
1997-08-27,1997,8,27,3,2,6
1997-08-28,1997,8,28,3,2,6
1997-08-29,1997,8,29,3,3,9
1997-08-30,1997,8,30,3,3,9
1997-08-31,1997,8,31,3,3,9
1998-06-01,1998,6,1,1,2,4
1998-06-02,1998,6,2,1,1,1
1998-06-03,1998,6,3,1,1,1
1998-06-04,1998,6,4,1,1,1
1998-06-05,1998,6,5,1,2,4
1998-06-06,1998,6,6,1,2,4
1998-06-07,1998,6,7,1,2,4
1998-06-08,1998,6,8,1,2,4
1998-06-09,1998,6,9,1,2,4
1998-06-10,1998,6,10,1,3,7
1998-06-11,1998,6,11,1,3,7
1998-06-12,1998,6,12,1,3,7
1998-06-13,1998,6,13,1,3,7
1998-06-14,1998,6,14,1,3,7
1998-06-15,1998,6,15,1,2,4
1998-06-16,1998,6,16,1,2,4
1998-06-17,1998,6,17,1,2,4
1998-06-18,1998,6,18,1,2,4
1998-06-19,1998,6,19,1,2,4
1998-06-20,1998,6,20,1,2,4
1998-06-21,1998,6,21,1,2,4
1998-06-22,1998,6,22,1,2,4
1998-06-23,1998,6,23,1,2,4
1998-06-24,1998,6,24,1,2,4
1998-06-25,1998,6,25,1,2,4
1998-06-26,1998,6,26,1,2,4
1998-06-27,1998,6,27,1,2,4
1998-06-28,1998,6,28,1,2,4
1998-06-29,1998,6,29,1,2,4
1998-06-30,1998,6,30,1,2,4
1998-07-01,1998,7,1,1,1,1
1998-07-02,1998,7,2,1,2,4
1998-07-03,1998,7,3,1,2,4
1998-07-04,1998,7,4,1,2,4
1998-07-05,1998,7,5,1,2,4
1998-07-06,1998,7,6,1,2,4
1998-07-07,1998,7,7,1,2,4
1998-07-08,1998,7,8,1,2,4
1998-07-09,1998,7,9,1,2,4
1998-07-10,1998,7,10,1,2,4
1998-07-11,1998,7,11,1,2,4
1998-07-12,1998,7,12,1,2,4
1998-07-13,1998,7,13,1,2,4
1998-07-14,1998,7,14,1,2,4
1998-07-15,1998,7,15,1,2,4
1998-07-16,1998,7,16,1,2,4
1998-07-17,1998,7,17,1,2,4
1998-07-18,1998,7,18,1,2,4
1998-07-19,1998,7,19,1,2,4
1998-07-20,1998,7,20,1,2,4
1998-07-21,1998,7,21,1,2,4
1998-07-22,1998,7,22,1,2,4
1998-07-23,1998,7,23,1,2,4
1998-07-24,1998,7,24,1,2,4
1998-07-25,1998,7,25,1,2,4
1998-07-26,1998,7,26,1,2,4
1998-07-27,1998,7,27,1,2,4
1998-07-28,1998,7,28,1,2,4
1998-07-29,1998,7,29,1,2,4
1998-07-30,1998,7,30,1,2,4
1998-07-31,1998,7,31,1,2,4
1998-08-01,1998,8,1,1,2,4
1998-08-02,1998,8,2,1,2,4
1998-08-03,1998,8,3,1,2,4
1998-08-04,1998,8,4,1,2,4
1998-08-05,1998,8,5,2,3,8
1998-08-06,1998,8,6,1,2,4
1998-08-07,1998,8,7,1,2,4
1998-08-08,1998,8,8,1,2,4
1998-08-09,1998,8,9,1,2,4
1998-08-10,1998,8,10,1,2,4
1998-08-11,1998,8,11,1,2,4
1998-08-12,1998,8,12,1,2,4
1998-08-13,1998,8,13,1,2,4
1998-08-14,1998,8,14,1,2,4
1998-08-15,1998,8,15,1,2,4
1998-08-16,1998,8,16,1,2,4
1998-08-17,1998,8,17,1,2,4
1998-08-18,1998,8,18,1,2,4
1998-08-19,1998,8,19,1,2,4
1998-08-20,1998,8,20,1,2,4
1998-08-21,1998,8,21,2,2,5
1998-08-22,1998,8,22,1,2,4
1998-08-23,1998,8,23,1,2,4
1998-08-24,1998,8,24,1,2,4
1998-08-25,1998,8,25,1,2,4
1998-08-26,1998,8,26,1,2,4
1998-08-27,1998,8,27,2,2,5
1998-08-28,1998,8,28,2,3,8
1998-08-29,1998,8,29,3,2,6
1998-08-30,1998,8,30,3,2,6
1998-08-31,1998,8,31,3,1,3
1999-06-01,1999,6,1,2,3,8
1999-06-02,1999,6,2,2,3,8
1999-06-03,1999,6,3,3,2,6
1999-06-04,1999,6,4,3,3,9
1999-06-05,1999,6,5,3,3,9
1999-06-06,1999,6,6,3,3,9
1999-06-07,1999,6,7,1,3,7
1999-06-08,1999,6,8,3,1,3
1999-06-09,1999,6,9,3,1,3
1999-06-10,1999,6,10,3,1,3
1999-06-11,1999,6,11,3,1,3
1999-06-12,1999,6,12,3,1,3
1999-06-13,1999,6,13,1,2,4
1999-06-14,1999,6,14,1,2,4
1999-06-15,1999,6,15,1,3,7
1999-06-16,1999,6,16,1,3,7
1999-06-17,1999,6,17,1,1,1
1999-06-18,1999,6,18,1,1,1
1999-06-19,1999,6,19,1,1,1
1999-06-20,1999,6,20,1,3,7
1999-06-21,1999,6,21,1,3,7
1999-06-22,1999,6,22,1,3,7
1999-06-23,1999,6,23,3,1,3
1999-06-24,1999,6,24,3,1,3
1999-06-25,1999,6,25,3,1,3
1999-06-26,1999,6,26,2,1,2
1999-06-27,1999,6,27,1,2,4
1999-06-28,1999,6,28,1,2,4
1999-06-29,1999,6,29,1,2,4
1999-06-30,1999,6,30,1,2,4
1999-07-01,1999,7,1,1,2,4
1999-07-02,1999,7,2,1,2,4
1999-07-03,1999,7,3,1,2,4
1999-07-04,1999,7,4,1,2,4
1999-07-05,1999,7,5,1,2,4
1999-07-06,1999,7,6,1,2,4
1999-07-07,1999,7,7,1,2,4
1999-07-08,1999,7,8,1,2,4
1999-07-09,1999,7,9,1,2,4
1999-07-10,1999,7,10,2,3,8
1999-07-11,1999,7,11,3,3,9
1999-07-12,1999,7,12,3,3,9
1999-07-13,1999,7,13,3,3,9
1999-07-14,1999,7,14,3,1,3
1999-07-15,1999,7,15,3,1,3
1999-07-16,1999,7,16,1,2,4
1999-07-17,1999,7,17,1,2,4
1999-07-18,1999,7,18,3,2,6
1999-07-19,1999,7,19,3,2,6
1999-07-20,1999,7,20,3,2,6
1999-07-21,1999,7,21,3,3,9
1999-07-22,1999,7,22,3,3,9
1999-07-23,1999,7,23,3,3,9
1999-07-24,1999,7,24,3,3,9
1999-07-25,1999,7,25,3,3,9
1999-07-26,1999,7,26,3,3,9
1999-07-27,1999,7,27,3,3,9
1999-07-28,1999,7,28,3,3,9
1999-07-29,1999,7,29,3,2,6
1999-07-30,1999,7,30,3,2,6
1999-07-31,1999,7,31,3,2,6
1999-08-01,1999,8,1,2,3,8
1999-08-02,1999,8,2,2,3,8
1999-08-03,1999,8,3,3,3,9
1999-08-04,1999,8,4,3,3,9
1999-08-05,1999,8,5,3,3,9
1999-08-06,1999,8,6,3,3,9
1999-08-07,1999,8,7,2,3,8
1999-08-08,1999,8,8,3,3,9
1999-08-09,1999,8,9,3,3,9
1999-08-10,1999,8,10,1,3,7
1999-08-11,1999,8,11,1,3,7
1999-08-12,1999,8,12,1,3,7
1999-08-13,1999,8,13,1,3,7
1999-08-14,1999,8,14,1,3,7
1999-08-15,1999,8,15,2,3,8
1999-08-16,1999,8,16,2,3,8
1999-08-17,1999,8,17,2,3,8
1999-08-18,1999,8,18,2,3,8
1999-08-19,1999,8,19,1,2,4
1999-08-20,1999,8,20,3,2,6
1999-08-21,1999,8,21,1,2,4
1999-08-22,1999,8,22,1,2,4
1999-08-23,1999,8,23,1,2,4
1999-08-24,1999,8,24,1,2,4
1999-08-25,1999,8,25,1,2,4
1999-08-26,1999,8,26,1,2,4
1999-08-27,1999,8,27,1,2,4
1999-08-28,1999,8,28,1,2,4
1999-08-29,1999,8,29,1,2,4
1999-08-30,1999,8,30,1,1,1
1999-08-31,1999,8,31,3,2,6
2000-06-01,2000,6,1,2,1,2
2000-06-02,2000,6,2,1,2,4
2000-06-03,2000,6,3,1,2,4
2000-06-04,2000,6,4,1,2,4
2000-06-05,2000,6,5,1,2,4
2000-06-06,2000,6,6,1,2,4
2000-06-07,2000,6,7,1,2,4
2000-06-08,2000,6,8,1,2,4
2000-06-09,2000,6,9,3,1,3
2000-06-10,2000,6,10,3,1,3
2000-06-11,2000,6,11,3,1,3
2000-06-12,2000,6,12,3,1,3
2000-06-13,2000,6,13,2,1,2
2000-06-14,2000,6,14,3,3,9
2000-06-15,2000,6,15,2,1,2
2000-06-16,2000,6,16,2,1,2
2000-06-17,2000,6,17,2,2,5
2000-06-18,2000,6,18,1,2,4
2000-06-19,2000,6,19,1,2,4
2000-06-20,2000,6,20,1,2,4
2000-06-21,2000,6,21,1,2,4
2000-06-22,2000,6,22,1,2,4
2000-06-23,2000,6,23,1,2,4
2000-06-24,2000,6,24,1,2,4
2000-06-25,2000,6,25,1,2,4
2000-06-26,2000,6,26,2,1,2
2000-06-27,2000,6,27,2,1,2
2000-06-28,2000,6,28,2,1,2
2000-06-29,2000,6,29,1,2,4
2000-06-30,2000,6,30,1,2,4
2000-07-01,2000,7,1,1,2,4
2000-07-02,2000,7,2,1,2,4
2000-07-03,2000,7,3,1,2,4
2000-07-04,2000,7,4,1,2,4
2000-07-05,2000,7,5,3,3,9
2000-07-06,2000,7,6,3,3,9
2000-07-07,2000,7,7,3,3,9
2000-07-08,2000,7,8,3,3,9
2000-07-09,2000,7,9,3,2,6
2000-07-10,2000,7,10,3,2,6
2000-07-11,2000,7,11,3,2,6
2000-07-12,2000,7,12,3,2,6
2000-07-13,2000,7,13,3,2,6
2000-07-14,2000,7,14,3,2,6
2000-07-15,2000,7,15,2,2,5
2000-07-16,2000,7,16,2,2,5
2000-07-17,2000,7,17,2,2,5
2000-07-18,2000,7,18,2,2,5
2000-07-19,2000,7,19,3,2,6
2000-07-20,2000,7,20,2,3,8
2000-07-21,2000,7,21,2,2,5
2000-07-22,2000,7,22,2,2,5
2000-07-23,2000,7,23,2,2,5
2000-07-24,2000,7,24,2,3,8
2000-07-25,2000,7,25,3,3,9
2000-07-26,2000,7,26,3,3,9
2000-07-27,2000,7,27,3,3,9
2000-07-28,2000,7,28,2,2,5
2000-07-29,2000,7,29,2,1,2
2000-07-30,2000,7,30,2,2,5
2000-07-31,2000,7,31,2,2,5
2000-08-01,2000,8,1,2,2,5
2000-08-02,2000,8,2,2,2,5
2000-08-03,2000,8,3,2,2,5
2000-08-04,2000,8,4,2,2,5
2000-08-05,2000,8,5,2,3,8
2000-08-06,2000,8,6,2,3,8
2000-08-07,2000,8,7,2,3,8
2000-08-08,2000,8,8,2,2,5
2000-08-09,2000,8,9,2,2,5
2000-08-10,2000,8,10,1,2,4
2000-08-11,2000,8,11,1,2,4
2000-08-12,2000,8,12,1,2,4
2000-08-13,2000,8,13,1,2,4
2000-08-14,2000,8,14,1,3,7
2000-08-15,2000,8,15,1,3,7
2000-08-16,2000,8,16,1,3,7
2000-08-17,2000,8,17,1,3,7
2000-08-18,2000,8,18,1,3,7
2000-08-19,2000,8,19,1,3,7
2000-08-20,2000,8,20,3,3,9
2000-08-21,2000,8,21,3,3,9
2000-08-22,2000,8,22,3,3,9
2000-08-23,2000,8,23,3,3,9
2000-08-24,2000,8,24,3,2,6
2000-08-25,2000,8,25,3,2,6
2000-08-26,2000,8,26,3,3,9
2000-08-27,2000,8,27,3,3,9
2000-08-28,2000,8,28,3,3,9
2000-08-29,2000,8,29,3,3,9
2000-08-30,2000,8,30,3,3,9
2000-08-31,2000,8,31,3,3,9
2001-06-01,2001,6,1,1,2,4
2001-06-02,2001,6,2,1,2,4
2001-06-03,2001,6,3,1,2,4
2001-06-04,2001,6,4,1,2,4
2001-06-05,2001,6,5,1,3,7
2001-06-06,2001,6,6,1,3,7
2001-06-07,2001,6,7,1,3,7
2001-06-08,2001,6,8,1,3,7
2001-06-09,2001,6,9,1,3,7
2001-06-10,2001,6,10,1,3,7
2001-06-11,2001,6,11,1,3,7
2001-06-12,2001,6,12,1,3,7
2001-06-13,2001,6,13,1,3,7
2001-06-14,2001,6,14,1,3,7
2001-06-15,2001,6,15,1,3,7
2001-06-16,2001,6,16,1,3,7
2001-06-17,2001,6,17,1,1,1
2001-06-18,2001,6,18,1,1,1
2001-06-19,2001,6,19,1,3,7
2001-06-20,2001,6,20,1,3,7
2001-06-21,2001,6,21,1,1,1
2001-06-22,2001,6,22,2,1,2
2001-06-23,2001,6,23,2,1,2
2001-06-24,2001,6,24,1,3,7
2001-06-25,2001,6,25,1,3,7
2001-06-26,2001,6,26,1,3,7
2001-06-27,2001,6,27,1,3,7
2001-06-28,2001,6,28,1,3,7
2001-06-29,2001,6,29,2,3,8
2001-06-30,2001,6,30,3,3,9
2001-07-01,2001,7,1,1,3,7
2001-07-02,2001,7,2,3,2,6
2001-07-03,2001,7,3,3,3,9
2001-07-04,2001,7,4,3,3,9
2001-07-05,2001,7,5,3,3,9
2001-07-06,2001,7,6,3,3,9
2001-07-07,2001,7,7,2,3,8
2001-07-08,2001,7,8,2,3,8
2001-07-09,2001,7,9,2,3,8
2001-07-10,2001,7,10,2,3,8
2001-07-11,2001,7,11,2,3,8
2001-07-12,2001,7,12,2,3,8
2001-07-13,2001,7,13,2,3,8
2001-07-14,2001,7,14,2,3,8
2001-07-15,2001,7,15,2,3,8
2001-07-16,2001,7,16,3,3,9
2001-07-17,2001,7,17,3,3,9
2001-07-18,2001,7,18,3,3,9
2001-07-19,2001,7,19,2,3,8
2001-07-20,2001,7,20,2,3,8
2001-07-21,2001,7,21,2,3,8
2001-07-22,2001,7,22,2,2,5
2001-07-23,2001,7,23,2,2,5
2001-07-24,2001,7,24,2,2,5
2001-07-25,2001,7,25,2,2,5
2001-07-26,2001,7,26,1,1,1
2001-07-27,2001,7,27,1,1,1
2001-07-28,2001,7,28,1,2,4
2001-07-29,2001,7,29,2,1,2
2001-07-30,2001,7,30,2,1,2
2001-07-31,2001,7,31,3,1,3
2001-08-01,2001,8,1,3,3,9
2001-08-02,2001,8,2,3,3,9
2001-08-03,2001,8,3,3,3,9
2001-08-04,2001,8,4,1,2,4
2001-08-05,2001,8,5,1,2,4
2001-08-06,2001,8,6,2,3,8
2001-08-07,2001,8,7,2,3,8
2001-08-08,2001,8,8,2,3,8
2001-08-09,2001,8,9,2,3,8
2001-08-10,2001,8,10,2,3,8
2001-08-11,2001,8,11,2,3,8
2001-08-12,2001,8,12,2,3,8
2001-08-13,2001,8,13,2,3,8
2001-08-14,2001,8,14,2,3,8
2001-08-15,2001,8,15,2,3,8
2001-08-16,2001,8,16,3,3,9
2001-08-17,2001,8,17,3,3,9
2001-08-18,2001,8,18,3,3,9
2001-08-19,2001,8,19,3,3,9
2001-08-20,2001,8,20,3,3,9
2001-08-21,2001,8,21,3,3,9
2001-08-22,2001,8,22,3,3,9
2001-08-23,2001,8,23,3,3,9
2001-08-24,2001,8,24,3,3,9
2001-08-25,2001,8,25,3,3,9
2001-08-26,2001,8,26,2,3,8
2001-08-27,2001,8,27,2,3,8
2001-08-28,2001,8,28,3,3,9
2001-08-29,2001,8,29,3,3,9
2001-08-30,2001,8,30,3,3,9
2001-08-31,2001,8,31,3,3,9
2002-06-01,2002,6,1,1,3,7
2002-06-02,2002,6,2,1,3,7
2002-06-03,2002,6,3,3,1,3
2002-06-04,2002,6,4,3,1,3
2002-06-05,2002,6,5,3,1,3
2002-06-06,2002,6,6,3,1,3
2002-06-07,2002,6,7,1,2,4
2002-06-08,2002,6,8,1,2,4
2002-06-09,2002,6,9,1,2,4
2002-06-10,2002,6,10,1,2,4
2002-06-11,2002,6,11,1,2,4
2002-06-12,2002,6,12,1,2,4
2002-06-13,2002,6,13,1,2,4
2002-06-14,2002,6,14,1,2,4
2002-06-15,2002,6,15,1,2,4
2002-06-16,2002,6,16,1,2,4
2002-06-17,2002,6,17,1,1,1
2002-06-18,2002,6,18,1,1,1
2002-06-19,2002,6,19,1,1,1
2002-06-20,2002,6,20,1,1,1
2002-06-21,2002,6,21,1,3,7
2002-06-22,2002,6,22,1,3,7
2002-06-23,2002,6,23,1,1,1
2002-06-24,2002,6,24,1,3,7
2002-06-25,2002,6,25,1,3,7
2002-06-26,2002,6,26,1,3,7
2002-06-27,2002,6,27,1,3,7
2002-06-28,2002,6,28,1,3,7
2002-06-29,2002,6,29,2,3,8
2002-06-30,2002,6,30,3,3,9
2002-07-01,2002,7,1,3,3,9
2002-07-02,2002,7,2,3,3,9
2002-07-03,2002,7,3,3,3,9
2002-07-04,2002,7,4,3,3,9
2002-07-05,2002,7,5,3,3,9
2002-07-06,2002,7,6,3,3,9
2002-07-07,2002,7,7,3,3,9
2002-07-08,2002,7,8,3,3,9
2002-07-09,2002,7,9,3,3,9
2002-07-10,2002,7,10,3,3,9
2002-07-11,2002,7,11,3,3,9
2002-07-12,2002,7,12,3,3,9
2002-07-13,2002,7,13,3,3,9
2002-07-14,2002,7,14,3,3,9
2002-07-15,2002,7,15,3,3,9
2002-07-16,2002,7,16,2,3,8
2002-07-17,2002,7,17,2,2,5
2002-07-18,2002,7,18,3,2,6
2002-07-19,2002,7,19,2,2,5
2002-07-20,2002,7,20,2,2,5
2002-07-21,2002,7,21,2,2,5
2002-07-22,2002,7,22,2,3,8
2002-07-23,2002,7,23,3,3,9
2002-07-24,2002,7,24,3,3,9
2002-07-25,2002,7,25,3,3,9
2002-07-26,2002,7,26,3,3,9
2002-07-27,2002,7,27,2,3,8
2002-07-28,2002,7,28,2,3,8
2002-07-29,2002,7,29,3,2,6
2002-07-30,2002,7,30,3,2,6
2002-07-31,2002,7,31,3,2,6
2002-08-01,2002,8,1,3,2,6
2002-08-02,2002,8,2,3,1,3
2002-08-03,2002,8,3,3,3,9
2002-08-04,2002,8,4,3,3,9
2002-08-05,2002,8,5,2,1,2
2002-08-06,2002,8,6,2,1,2
2002-08-07,2002,8,7,2,1,2
2002-08-08,2002,8,8,3,3,9
2002-08-09,2002,8,9,3,3,9
2002-08-10,2002,8,10,2,3,8
2002-08-11,2002,8,11,2,3,8
2002-08-12,2002,8,12,2,3,8
2002-08-13,2002,8,13,2,3,8
2002-08-14,2002,8,14,2,3,8
2002-08-15,2002,8,15,2,3,8
2002-08-16,2002,8,16,3,3,9
2002-08-17,2002,8,17,3,3,9
2002-08-18,2002,8,18,3,3,9
2002-08-19,2002,8,19,3,3,9
2002-08-20,2002,8,20,3,3,9
2002-08-21,2002,8,21,3,1,3
2002-08-22,2002,8,22,3,2,6
2002-08-23,2002,8,23,2,1,2
2002-08-24,2002,8,24,3,2,6
2002-08-25,2002,8,25,2,3,8
2002-08-26,2002,8,26,2,3,8
2002-08-27,2002,8,27,3,2,6
2002-08-28,2002,8,28,3,2,6
2002-08-29,2002,8,29,3,2,6
2002-08-30,2002,8,30,3,3,9
2002-08-31,2002,8,31,2,3,8
2003-06-01,2003,6,1,3,3,9
2003-06-02,2003,6,2,3,1,3
2003-06-03,2003,6,3,3,1,3
2003-06-04,2003,6,4,3,1,3
2003-06-05,2003,6,5,3,1,3
2003-06-06,2003,6,6,2,1,2
2003-06-07,2003,6,7,2,1,2
2003-06-08,2003,6,8,3,3,9
2003-06-09,2003,6,9,2,3,8
2003-06-10,2003,6,10,1,3,7
2003-06-11,2003,6,11,1,3,7
2003-06-12,2003,6,12,1,3,7
2003-06-13,2003,6,13,1,2,4
2003-06-14,2003,6,14,2,3,8
2003-06-15,2003,6,15,2,1,2
2003-06-16,2003,6,16,1,2,4
2003-06-17,2003,6,17,1,2,4
2003-06-18,2003,6,18,1,2,4
2003-06-19,2003,6,19,1,1,1
2003-06-20,2003,6,20,1,2,4
2003-06-21,2003,6,21,1,2,4
2003-06-22,2003,6,22,1,2,4
2003-06-23,2003,6,23,1,2,4
2003-06-24,2003,6,24,1,2,4
2003-06-25,2003,6,25,1,1,1
2003-06-26,2003,6,26,1,1,1
2003-06-27,2003,6,27,1,1,1
2003-06-28,2003,6,28,1,1,1
2003-06-29,2003,6,29,1,3,7
2003-06-30,2003,6,30,1,1,1
2003-07-01,2003,7,1,1,1,1
2003-07-02,2003,7,2,1,2,4
2003-07-03,2003,7,3,1,2,4
2003-07-04,2003,7,4,1,1,1
2003-07-05,2003,7,5,1,1,1
2003-07-06,2003,7,6,2,1,2
2003-07-07,2003,7,7,1,2,4
2003-07-08,2003,7,8,1,2,4
2003-07-09,2003,7,9,1,2,4
2003-07-10,2003,7,10,2,3,8
2003-07-11,2003,7,11,1,3,7
2003-07-12,2003,7,12,1,3,7
2003-07-13,2003,7,13,1,3,7
2003-07-14,2003,7,14,1,3,7
2003-07-15,2003,7,15,1,1,1
2003-07-16,2003,7,16,2,1,2
2003-07-17,2003,7,17,2,1,2
2003-07-18,2003,7,18,2,1,2
2003-07-19,2003,7,19,1,3,7
2003-07-20,2003,7,20,2,3,8
2003-07-21,2003,7,21,2,1,2
2003-07-22,2003,7,22,2,1,2
2003-07-23,2003,7,23,2,2,5
2003-07-24,2003,7,24,2,2,5
2003-07-25,2003,7,25,2,2,5
2003-07-26,2003,7,26,2,1,2
2003-07-27,2003,7,27,2,1,2
2003-07-28,2003,7,28,2,1,2
2003-07-29,2003,7,29,3,2,6
2003-07-30,2003,7,30,2,3,8
2003-07-31,2003,7,31,2,3,8
2003-08-01,2003,8,1,2,3,8
2003-08-02,2003,8,2,2,3,8
2003-08-03,2003,8,3,3,3,9
2003-08-04,2003,8,4,3,2,6
2003-08-05,2003,8,5,3,2,6
2003-08-06,2003,8,6,3,3,9
2003-08-07,2003,8,7,3,3,9
2003-08-08,2003,8,8,1,3,7
2003-08-09,2003,8,9,3,1,3
2003-08-10,2003,8,10,2,1,2
2003-08-11,2003,8,11,3,2,6
2003-08-12,2003,8,12,3,1,3
2003-08-13,2003,8,13,2,1,2
2003-08-14,2003,8,14,2,1,2
2003-08-15,2003,8,15,3,2,6
2003-08-16,2003,8,16,2,2,5
2003-08-17,2003,8,17,2,2,5
2003-08-18,2003,8,18,3,2,6
2003-08-19,2003,8,19,3,3,9
2003-08-20,2003,8,20,3,2,6
2003-08-21,2003,8,21,3,2,6
2003-08-22,2003,8,22,3,2,6
2003-08-23,2003,8,23,3,2,6
2003-08-24,2003,8,24,3,2,6
2003-08-25,2003,8,25,2,3,8
2003-08-26,2003,8,26,2,2,5
2003-08-27,2003,8,27,2,2,5
2003-08-28,2003,8,28,2,2,5
2003-08-29,2003,8,29,2,2,5
2003-08-30,2003,8,30,3,2,6
2003-08-31,2003,8,31,3,2,6
2004-06-01,2004,6,1,3,2,6
2004-06-02,2004,6,2,3,2,6
2004-06-03,2004,6,3,3,3,9
2004-06-04,2004,6,4,3,3,9
2004-06-05,2004,6,5,2,3,8
2004-06-06,2004,6,6,2,3,8
2004-06-07,2004,6,7,2,3,8
2004-06-08,2004,6,8,2,1,2
2004-06-09,2004,6,9,3,1,3
2004-06-10,2004,6,10,2,3,8
2004-06-11,2004,6,11,2,3,8
2004-06-12,2004,6,12,2,3,8
2004-06-13,2004,6,13,2,3,8
2004-06-14,2004,6,14,2,3,8
2004-06-15,2004,6,15,2,3,8
2004-06-16,2004,6,16,2,3,8
2004-06-17,2004,6,17,2,3,8
2004-06-18,2004,6,18,3,3,9
2004-06-19,2004,6,19,3,3,9
2004-06-20,2004,6,20,3,3,9
2004-06-21,2004,6,21,3,3,9
2004-06-22,2004,6,22,3,3,9
2004-06-23,2004,6,23,2,3,8
2004-06-24,2004,6,24,2,3,8
2004-06-25,2004,6,25,2,3,8
2004-06-26,2004,6,26,2,3,8
2004-06-27,2004,6,27,3,3,9
2004-06-28,2004,6,28,3,3,9
2004-06-29,2004,6,29,3,3,9
2004-06-30,2004,6,30,3,3,9
2004-07-01,2004,7,1,3,3,9
2004-07-02,2004,7,2,3,3,9
2004-07-03,2004,7,3,1,3,7
2004-07-04,2004,7,4,1,3,7
2004-07-05,2004,7,5,2,2,5
2004-07-06,2004,7,6,2,2,5
2004-07-07,2004,7,7,1,1,1
2004-07-08,2004,7,8,1,1,1
2004-07-09,2004,7,9,1,3,7
2004-07-10,2004,7,10,1,3,7
2004-07-11,2004,7,11,1,3,7
2004-07-12,2004,7,12,2,1,2
2004-07-13,2004,7,13,2,1,2
2004-07-14,2004,7,14,2,1,2
2004-07-15,2004,7,15,2,1,2
2004-07-16,2004,7,16,2,1,2
2004-07-17,2004,7,17,2,1,2
2004-07-18,2004,7,18,2,1,2
2004-07-19,2004,7,19,2,1,2
2004-07-20,2004,7,20,2,1,2
2004-07-21,2004,7,21,2,1,2
2004-07-22,2004,7,22,2,2,5
2004-07-23,2004,7,23,2,2,5
2004-07-24,2004,7,24,3,2,6
2004-07-25,2004,7,25,3,2,6
2004-07-26,2004,7,26,3,2,6
2004-07-27,2004,7,27,3,2,6
2004-07-28,2004,7,28,3,2,6
2004-07-29,2004,7,29,3,2,6
2004-07-30,2004,7,30,3,2,6
2004-07-31,2004,7,31,2,3,8
2004-08-01,2004,8,1,2,3,8
2004-08-02,2004,8,2,2,3,8
2004-08-03,2004,8,3,2,3,8
2004-08-04,2004,8,4,2,3,8
2004-08-05,2004,8,5,2,3,8
2004-08-06,2004,8,6,2,3,8
2004-08-07,2004,8,7,2,3,8
2004-08-08,2004,8,8,3,3,9
2004-08-09,2004,8,9,3,3,9
2004-08-10,2004,8,10,3,3,9
2004-08-11,2004,8,11,3,3,9
2004-08-12,2004,8,12,3,3,9
2004-08-13,2004,8,13,3,3,9
2004-08-14,2004,8,14,3,3,9
2004-08-15,2004,8,15,3,3,9
2004-08-16,2004,8,16,3,3,9
2004-08-17,2004,8,17,3,2,6
2004-08-18,2004,8,18,3,2,6
2004-08-19,2004,8,19,3,2,6
2004-08-20,2004,8,20,3,2,6
2004-08-21,2004,8,21,3,2,6
2004-08-22,2004,8,22,3,2,6
2004-08-23,2004,8,23,3,3,9
2004-08-24,2004,8,24,3,3,9
2004-08-25,2004,8,25,3,3,9
2004-08-26,2004,8,26,3,3,9
2004-08-27,2004,8,27,3,3,9
2004-08-28,2004,8,28,3,3,9
2004-08-29,2004,8,29,3,3,9
2004-08-30,2004,8,30,3,2,6
2004-08-31,2004,8,31,2,2,5
2005-06-01,2005,6,1,2,1,2
2005-06-02,2005,6,2,2,1,2
2005-06-03,2005,6,3,1,3,7
2005-06-04,2005,6,4,1,3,7
2005-06-05,2005,6,5,3,1,3
2005-06-06,2005,6,6,1,2,4
2005-06-07,2005,6,7,1,2,4
2005-06-08,2005,6,8,1,2,4
2005-06-09,2005,6,9,1,2,4
2005-06-10,2005,6,10,1,2,4
2005-06-11,2005,6,11,1,2,4
2005-06-12,2005,6,12,1,2,4
2005-06-13,2005,6,13,3,1,3
2005-06-14,2005,6,14,3,1,3
2005-06-15,2005,6,15,1,3,7
2005-06-16,2005,6,16,1,3,7
2005-06-17,2005,6,17,1,3,7
2005-06-18,2005,6,18,1,2,4
2005-06-19,2005,6,19,1,2,4
2005-06-20,2005,6,20,1,2,4
2005-06-21,2005,6,21,1,1,1
2005-06-22,2005,6,22,1,1,1
2005-06-23,2005,6,23,1,3,7
2005-06-24,2005,6,24,1,3,7
2005-06-25,2005,6,25,1,2,4
2005-06-26,2005,6,26,1,3,7
2005-06-27,2005,6,27,1,3,7
2005-06-28,2005,6,28,1,1,1
2005-06-29,2005,6,29,1,1,1
2005-06-30,2005,6,30,1,1,1
2005-07-01,2005,7,1,1,1,1
2005-07-02,2005,7,2,1,1,1
2005-07-03,2005,7,3,1,1,1
2005-07-04,2005,7,4,2,1,2
2005-07-05,2005,7,5,1,3,7
2005-07-06,2005,7,6,1,1,1
2005-07-07,2005,7,7,2,1,2
2005-07-08,2005,7,8,3,1,3
2005-07-09,2005,7,9,1,2,4
2005-07-10,2005,7,10,1,2,4
2005-07-11,2005,7,11,1,2,4
2005-07-12,2005,7,12,1,2,4
2005-07-13,2005,7,13,1,2,4
2005-07-14,2005,7,14,1,2,4
2005-07-15,2005,7,15,1,2,4
2005-07-16,2005,7,16,2,2,5
2005-07-17,2005,7,17,2,2,5
2005-07-18,2005,7,18,2,2,5
2005-07-19,2005,7,19,2,3,8
2005-07-20,2005,7,20,2,3,8
2005-07-21,2005,7,21,2,3,8
2005-07-22,2005,7,22,2,3,8
2005-07-23,2005,7,23,3,3,9
2005-07-24,2005,7,24,3,3,9
2005-07-25,2005,7,25,3,3,9
2005-07-26,2005,7,26,3,3,9
2005-07-27,2005,7,27,3,3,9
2005-07-28,2005,7,28,1,3,7
2005-07-29,2005,7,29,3,3,9
2005-07-30,2005,7,30,3,2,6
2005-07-31,2005,7,31,2,3,8
2005-08-01,2005,8,1,2,3,8
2005-08-02,2005,8,2,3,3,9
2005-08-03,2005,8,3,3,3,9
2005-08-04,2005,8,4,3,3,9
2005-08-05,2005,8,5,3,3,9
2005-08-06,2005,8,6,3,3,9
2005-08-07,2005,8,7,3,3,9
2005-08-08,2005,8,8,3,3,9
2005-08-09,2005,8,9,3,2,6
2005-08-10,2005,8,10,3,2,6
2005-08-11,2005,8,11,3,2,6
2005-08-12,2005,8,12,3,3,9
2005-08-13,2005,8,13,3,3,9
2005-08-14,2005,8,14,1,3,7
2005-08-15,2005,8,15,1,3,7
2005-08-16,2005,8,16,1,1,1
2005-08-17,2005,8,17,1,1,1
2005-08-18,2005,8,18,3,1,3
2005-08-19,2005,8,19,2,3,8
2005-08-20,2005,8,20,1,3,7
2005-08-21,2005,8,21,3,1,3
2005-08-22,2005,8,22,3,2,6
2005-08-23,2005,8,23,3,2,6
2005-08-24,2005,8,24,3,2,6
2005-08-25,2005,8,25,2,3,8
2005-08-26,2005,8,26,2,2,5
2005-08-27,2005,8,27,2,3,8
2005-08-28,2005,8,28,2,3,8
2005-08-29,2005,8,29,2,3,8
2005-08-30,2005,8,30,2,3,8
2005-08-31,2005,8,31,2,2,5
2006-06-01,2006,6,1,3,1,3
2006-06-02,2006,6,2,1,3,7
2006-06-03,2006,6,3,1,3,7
2006-06-04,2006,6,4,1,1,1
2006-06-05,2006,6,5,1,2,4
2006-06-06,2006,6,6,1,1,1
2006-06-07,2006,6,7,1,3,7
2006-06-08,2006,6,8,1,1,1
2006-06-09,2006,6,9,1,1,1
2006-06-10,2006,6,10,1,1,1
2006-06-11,2006,6,11,1,1,1
2006-06-12,2006,6,12,1,3,7
2006-06-13,2006,6,13,1,3,7
2006-06-14,2006,6,14,1,3,7
2006-06-15,2006,6,15,1,1,1
2006-06-16,2006,6,16,1,3,7
2006-06-17,2006,6,17,1,3,7
2006-06-18,2006,6,18,1,3,7
2006-06-19,2006,6,19,1,2,4
2006-06-20,2006,6,20,1,2,4
2006-06-21,2006,6,21,2,1,2
2006-06-22,2006,6,22,1,2,4
2006-06-23,2006,6,23,1,2,4
2006-06-24,2006,6,24,1,2,4
2006-06-25,2006,6,25,1,2,4
2006-06-26,2006,6,26,1,2,4
2006-06-27,2006,6,27,1,3,7
2006-06-28,2006,6,28,1,3,7
2006-06-29,2006,6,29,2,3,8
2006-06-30,2006,6,30,2,1,2
2006-07-01,2006,7,1,2,1,2
2006-07-02,2006,7,2,1,3,7
2006-07-03,2006,7,3,1,3,7
2006-07-04,2006,7,4,1,3,7
2006-07-05,2006,7,5,1,3,7
2006-07-06,2006,7,6,3,3,9
2006-07-07,2006,7,7,1,3,7
2006-07-08,2006,7,8,1,3,7
2006-07-09,2006,7,9,1,3,7
2006-07-10,2006,7,10,3,3,9
2006-07-11,2006,7,11,3,3,9
2006-07-12,2006,7,12,3,3,9
2006-07-13,2006,7,13,3,3,9
2006-07-14,2006,7,14,3,3,9
2006-07-15,2006,7,15,3,3,9
2006-07-16,2006,7,16,3,1,3
2006-07-17,2006,7,17,2,1,2
2006-07-18,2006,7,18,2,1,2
2006-07-19,2006,7,19,2,1,2
2006-07-20,2006,7,20,2,1,2
2006-07-21,2006,7,21,2,3,8
2006-07-22,2006,7,22,3,3,9
2006-07-23,2006,7,23,3,3,9
2006-07-24,2006,7,24,3,3,9
2006-07-25,2006,7,25,3,2,6
2006-07-26,2006,7,26,2,2,5
2006-07-27,2006,7,27,3,2,6
2006-07-28,2006,7,28,2,3,8
2006-07-29,2006,7,29,2,3,8
2006-07-30,2006,7,30,2,3,8
2006-07-31,2006,7,31,2,3,8
2006-08-01,2006,8,1,2,3,8
2006-08-02,2006,8,2,2,3,8
2006-08-03,2006,8,3,2,3,8
2006-08-04,2006,8,4,2,3,8
2006-08-05,2006,8,5,2,3,8
2006-08-06,2006,8,6,2,3,8
2006-08-07,2006,8,7,3,2,6
2006-08-08,2006,8,8,3,3,9
2006-08-09,2006,8,9,3,3,9
2006-08-10,2006,8,10,2,3,8
2006-08-11,2006,8,11,2,3,8
2006-08-12,2006,8,12,2,3,8
2006-08-13,2006,8,13,2,3,8
2006-08-14,2006,8,14,3,3,9
2006-08-15,2006,8,15,3,3,9
2006-08-16,2006,8,16,3,3,9
2006-08-17,2006,8,17,2,3,8
2006-08-18,2006,8,18,2,3,8
2006-08-19,2006,8,19,2,3,8
2006-08-20,2006,8,20,2,3,8
2006-08-21,2006,8,21,2,3,8
2006-08-22,2006,8,22,3,3,9
2006-08-23,2006,8,23,2,3,8
2006-08-24,2006,8,24,2,3,8
2006-08-25,2006,8,25,2,3,8
2006-08-26,2006,8,26,2,3,8
2006-08-27,2006,8,27,2,3,8
2006-08-28,2006,8,28,2,2,5
2006-08-29,2006,8,29,2,2,5
2006-08-30,2006,8,30,2,3,8
2006-08-31,2006,8,31,2,3,8
2007-06-01,2007,6,1,1,1,1
2007-06-02,2007,6,2,1,1,1
2007-06-03,2007,6,3,1,2,4
2007-06-04,2007,6,4,1,2,4
2007-06-05,2007,6,5,1,2,4
2007-06-06,2007,6,6,1,2,4
2007-06-07,2007,6,7,1,2,4
2007-06-08,2007,6,8,1,2,4
2007-06-09,2007,6,9,1,2,4
2007-06-10,2007,6,10,1,2,4
2007-06-11,2007,6,11,1,2,4
2007-06-12,2007,6,12,1,2,4
2007-06-13,2007,6,13,1,2,4
2007-06-14,2007,6,14,1,2,4
2007-06-15,2007,6,15,1,2,4
2007-06-16,2007,6,16,1,2,4
2007-06-17,2007,6,17,1,2,4
2007-06-18,2007,6,18,1,2,4
2007-06-19,2007,6,19,1,2,4
2007-06-20,2007,6,20,1,2,4
2007-06-21,2007,6,21,1,2,4
2007-06-22,2007,6,22,1,2,4
2007-06-23,2007,6,23,1,2,4
2007-06-24,2007,6,24,1,2,4
2007-06-25,2007,6,25,1,3,7
2007-06-26,2007,6,26,1,3,7
2007-06-27,2007,6,27,1,3,7
2007-06-28,2007,6,28,1,3,7
2007-06-29,2007,6,29,1,3,7
2007-06-30,2007,6,30,1,3,7
2007-07-01,2007,7,1,1,3,7
2007-07-02,2007,7,2,1,3,7
2007-07-03,2007,7,3,1,3,7
2007-07-04,2007,7,4,1,3,7
2007-07-05,2007,7,5,1,3,7
2007-07-06,2007,7,6,1,3,7
2007-07-07,2007,7,7,1,1,1
2007-07-08,2007,7,8,1,3,7
2007-07-09,2007,7,9,1,3,7
2007-07-10,2007,7,10,3,3,9
2007-07-11,2007,7,11,3,3,9
2007-07-12,2007,7,12,3,3,9
2007-07-13,2007,7,13,3,3,9
2007-07-14,2007,7,14,1,3,7
2007-07-15,2007,7,15,1,2,4
2007-07-16,2007,7,16,1,2,4
2007-07-17,2007,7,17,1,2,4
2007-07-18,2007,7,18,1,2,4
2007-07-19,2007,7,19,1,2,4
2007-07-20,2007,7,20,1,2,4
2007-07-21,2007,7,21,1,2,4
2007-07-22,2007,7,22,1,2,4
2007-07-23,2007,7,23,1,2,4
2007-07-24,2007,7,24,1,2,4
2007-07-25,2007,7,25,1,2,4
2007-07-26,2007,7,26,1,2,4
2007-07-27,2007,7,27,1,2,4
2007-07-28,2007,7,28,1,2,4
2007-07-29,2007,7,29,1,2,4
2007-07-30,2007,7,30,2,2,5
2007-07-31,2007,7,31,3,2,6
2007-08-01,2007,8,1,3,2,6
2007-08-02,2007,8,2,3,2,6
2007-08-03,2007,8,3,3,2,6
2007-08-04,2007,8,4,3,2,6
2007-08-05,2007,8,5,2,3,8
2007-08-06,2007,8,6,3,2,6
2007-08-07,2007,8,7,3,2,6
2007-08-08,2007,8,8,3,2,6
2007-08-09,2007,8,9,3,3,9
2007-08-10,2007,8,10,2,2,5
2007-08-11,2007,8,11,2,3,8
2007-08-12,2007,8,12,2,3,8
2007-08-13,2007,8,13,3,3,9
2007-08-14,2007,8,14,2,2,5
2007-08-15,2007,8,15,2,2,5
2007-08-16,2007,8,16,2,2,5
2007-08-17,2007,8,17,2,2,5
2007-08-18,2007,8,18,2,2,5
2007-08-19,2007,8,19,3,1,3
2007-08-20,2007,8,20,3,1,3
2007-08-21,2007,8,21,3,1,3
2007-08-22,2007,8,22,3,1,3
2007-08-23,2007,8,23,3,2,6
2007-08-24,2007,8,24,3,2,6
2007-08-25,2007,8,25,3,2,6
2007-08-26,2007,8,26,3,2,6
2007-08-27,2007,8,27,2,2,5
2007-08-28,2007,8,28,1,2,4
2007-08-29,2007,8,29,2,2,5
2007-08-30,2007,8,30,2,2,5
2007-08-31,2007,8,31,2,3,8
2008-06-01,2008,6,1,1,2,4
2008-06-02,2008,6,2,1,2,4
2008-06-03,2008,6,3,1,2,4
2008-06-04,2008,6,4,1,2,4
2008-06-05,2008,6,5,1,2,4
2008-06-06,2008,6,6,1,2,4
2008-06-07,2008,6,7,1,2,4
2008-06-08,2008,6,8,1,2,4
2008-06-09,2008,6,9,1,2,4
2008-06-10,2008,6,10,1,2,4
2008-06-11,2008,6,11,1,2,4
2008-06-12,2008,6,12,1,3,7
2008-06-13,2008,6,13,1,3,7
2008-06-14,2008,6,14,1,3,7
2008-06-15,2008,6,15,1,3,7
2008-06-16,2008,6,16,1,3,7
2008-06-17,2008,6,17,2,3,8
2008-06-18,2008,6,18,2,2,5
2008-06-19,2008,6,19,2,3,8
2008-06-20,2008,6,20,2,3,8
2008-06-21,2008,6,21,1,2,4
2008-06-22,2008,6,22,1,2,4
2008-06-23,2008,6,23,1,2,4
2008-06-24,2008,6,24,1,2,4
2008-06-25,2008,6,25,1,1,1
2008-06-26,2008,6,26,1,1,1
2008-06-27,2008,6,27,1,1,1
2008-06-28,2008,6,28,1,1,1
2008-06-29,2008,6,29,1,1,1
2008-06-30,2008,6,30,1,1,1
2008-07-01,2008,7,1,1,2,4
2008-07-02,2008,7,2,1,2,4
2008-07-03,2008,7,3,1,2,4
2008-07-04,2008,7,4,1,2,4
2008-07-05,2008,7,5,2,2,5
2008-07-06,2008,7,6,2,2,5
2008-07-07,2008,7,7,2,2,5
2008-07-08,2008,7,8,2,2,5
2008-07-09,2008,7,9,1,2,4
2008-07-10,2008,7,10,1,2,4
2008-07-11,2008,7,11,1,2,4
2008-07-12,2008,7,12,1,2,4
2008-07-13,2008,7,13,1,2,4
2008-07-14,2008,7,14,1,2,4
2008-07-15,2008,7,15,1,2,4
2008-07-16,2008,7,16,1,2,4
2008-07-17,2008,7,17,1,2,4
2008-07-18,2008,7,18,1,2,4
2008-07-19,2008,7,19,1,2,4
2008-07-20,2008,7,20,1,2,4
2008-07-21,2008,7,21,1,2,4
2008-07-22,2008,7,22,1,2,4
2008-07-23,2008,7,23,1,2,4
2008-07-24,2008,7,24,1,2,4
2008-07-25,2008,7,25,3,1,3
2008-07-26,2008,7,26,3,3,9
2008-07-27,2008,7,27,3,2,6
2008-07-28,2008,7,28,3,3,9
2008-07-29,2008,7,29,3,1,3
2008-07-30,2008,7,30,1,2,4
2008-07-31,2008,7,31,1,2,4
2008-08-01,2008,8,1,1,2,4
2008-08-02,2008,8,2,1,2,4
2008-08-03,2008,8,3,2,2,5
2008-08-04,2008,8,4,2,2,5
2008-08-05,2008,8,5,2,2,5
2008-08-06,2008,8,6,2,2,5
2008-08-07,2008,8,7,2,2,5
2008-08-08,2008,8,8,2,2,5
2008-08-09,2008,8,9,1,2,4
2008-08-10,2008,8,10,1,2,4
2008-08-11,2008,8,11,1,2,4
2008-08-12,2008,8,12,1,2,4
2008-08-13,2008,8,13,1,2,4
2008-08-14,2008,8,14,1,2,4
2008-08-15,2008,8,15,2,1,2
2008-08-16,2008,8,16,2,1,2
2008-08-17,2008,8,17,2,1,2
2008-08-18,2008,8,18,2,1,2
2008-08-19,2008,8,19,1,2,4
2008-08-20,2008,8,20,1,2,4
2008-08-21,2008,8,21,1,2,4
2008-08-22,2008,8,22,1,2,4
2008-08-23,2008,8,23,1,2,4
2008-08-24,2008,8,24,1,2,4
2008-08-25,2008,8,25,1,2,4
2008-08-26,2008,8,26,1,2,4
2008-08-27,2008,8,27,1,2,4
2008-08-28,2008,8,28,1,2,4
2008-08-29,2008,8,29,1,2,4
2008-08-30,2008,8,30,1,2,4
2008-08-31,2008,8,31,1,2,4
2009-06-01,2009,6,1,1,3,7
2009-06-02,2009,6,2,3,3,9
2009-06-03,2009,6,3,3,3,9
2009-06-04,2009,6,4,3,3,9
2009-06-05,2009,6,5,3,3,9
2009-06-06,2009,6,6,3,3,9
2009-06-07,2009,6,7,1,3,7
2009-06-08,2009,6,8,1,3,7
2009-06-09,2009,6,9,1,3,7
2009-06-10,2009,6,10,1,3,7
2009-06-11,2009,6,11,1,3,7
2009-06-12,2009,6,12,1,3,7
2009-06-13,2009,6,13,1,3,7
2009-06-14,2009,6,14,1,3,7
2009-06-15,2009,6,15,1,3,7
2009-06-16,2009,6,16,3,1,3
2009-06-17,2009,6,17,3,1,3
2009-06-18,2009,6,18,1,3,7
2009-06-19,2009,6,19,1,3,7
2009-06-20,2009,6,20,1,3,7
2009-06-21,2009,6,21,1,3,7
2009-06-22,2009,6,22,1,3,7
2009-06-23,2009,6,23,1,3,7
2009-06-24,2009,6,24,1,3,7
2009-06-25,2009,6,25,2,2,5
2009-06-26,2009,6,26,2,2,5
2009-06-27,2009,6,27,1,2,4
2009-06-28,2009,6,28,1,2,4
2009-06-29,2009,6,29,1,2,4
2009-06-30,2009,6,30,1,2,4
2009-07-01,2009,7,1,1,1,1
2009-07-02,2009,7,2,1,3,7
2009-07-03,2009,7,3,1,3,7
2009-07-04,2009,7,4,1,3,7
2009-07-05,2009,7,5,1,3,7
2009-07-06,2009,7,6,2,1,2
2009-07-07,2009,7,7,2,1,2
2009-07-08,2009,7,8,2,1,2
2009-07-09,2009,7,9,2,1,2
2009-07-10,2009,7,10,2,1,2
2009-07-11,2009,7,11,2,1,2
2009-07-12,2009,7,12,3,2,6
2009-07-13,2009,7,13,2,1,2
2009-07-14,2009,7,14,2,1,2
2009-07-15,2009,7,15,3,2,6
2009-07-16,2009,7,16,3,2,6
2009-07-17,2009,7,17,3,3,9
2009-07-18,2009,7,18,3,3,9
2009-07-19,2009,7,19,2,2,5
2009-07-20,2009,7,20,2,2,5
2009-07-21,2009,7,21,2,2,5
2009-07-22,2009,7,22,2,3,8
2009-07-23,2009,7,23,2,3,8
2009-07-24,2009,7,24,2,3,8
2009-07-25,2009,7,25,2,3,8
2009-07-26,2009,7,26,2,3,8
2009-07-27,2009,7,27,2,3,8
2009-07-28,2009,7,28,2,3,8
2009-07-29,2009,7,29,2,3,8
2009-07-30,2009,7,30,2,3,8
2009-07-31,2009,7,31,2,3,8
2009-08-01,2009,8,1,3,3,9
2009-08-02,2009,8,2,3,3,9
2009-08-03,2009,8,3,3,3,9
2009-08-04,2009,8,4,3,3,9
2009-08-05,2009,8,5,3,3,9
2009-08-06,2009,8,6,3,3,9
2009-08-07,2009,8,7,3,3,9
2009-08-08,2009,8,8,3,3,9
2009-08-09,2009,8,9,3,3,9
2009-08-10,2009,8,10,3,3,9
2009-08-11,2009,8,11,1,3,7
2009-08-12,2009,8,12,1,1,1
2009-08-13,2009,8,13,1,1,1
2009-08-14,2009,8,14,2,1,2
2009-08-15,2009,8,15,2,1,2
2009-08-16,2009,8,16,2,1,2
2009-08-17,2009,8,17,2,2,5
2009-08-18,2009,8,18,2,2,5
2009-08-19,2009,8,19,2,2,5
2009-08-20,2009,8,20,2,2,5
2009-08-21,2009,8,21,2,3,8
2009-08-22,2009,8,22,2,2,5
2009-08-23,2009,8,23,3,2,6
2009-08-24,2009,8,24,3,2,6
2009-08-25,2009,8,25,2,3,8
2009-08-26,2009,8,26,3,2,6
2009-08-27,2009,8,27,3,2,6
2009-08-28,2009,8,28,3,2,6
2009-08-29,2009,8,29,3,2,6
2009-08-30,2009,8,30,2,3,8
2009-08-31,2009,8,31,2,3,8
2010-06-01,2010,6,1,1,2,4
2010-06-02,2010,6,2,1,2,4
2010-06-03,2010,6,3,1,2,4
2010-06-04,2010,6,4,1,2,4
2010-06-05,2010,6,5,1,2,4
2010-06-06,2010,6,6,1,2,4
2010-06-07,2010,6,7,1,2,4
2010-06-08,2010,6,8,1,2,4
2010-06-09,2010,6,9,1,2,4
2010-06-10,2010,6,10,1,2,4
2010-06-11,2010,6,11,1,2,4
2010-06-12,2010,6,12,1,2,4
2010-06-13,2010,6,13,1,2,4
2010-06-14,2010,6,14,1,2,4
2010-06-15,2010,6,15,1,2,4
2010-06-16,2010,6,16,1,2,4
2010-06-17,2010,6,17,1,2,4
2010-06-18,2010,6,18,1,2,4
2010-06-19,2010,6,19,1,2,4
2010-06-20,2010,6,20,1,2,4
2010-06-21,2010,6,21,1,2,4
2010-06-22,2010,6,22,1,2,4
2010-06-23,2010,6,23,1,2,4
2010-06-24,2010,6,24,1,2,4
2010-06-25,2010,6,25,1,2,4
2010-06-26,2010,6,26,1,2,4
2010-06-27,2010,6,27,1,2,4
2010-06-28,2010,6,28,1,2,4
2010-06-29,2010,6,29,1,2,4
2010-06-30,2010,6,30,1,2,4
2010-07-01,2010,7,1,1,2,4
2010-07-02,2010,7,2,1,2,4
2010-07-03,2010,7,3,1,2,4
2010-07-04,2010,7,4,1,2,4
2010-07-05,2010,7,5,1,2,4
2010-07-06,2010,7,6,1,1,1
2010-07-07,2010,7,7,2,1,2
2010-07-08,2010,7,8,1,1,1
2010-07-09,2010,7,9,1,1,1
2010-07-10,2010,7,10,2,1,2
2010-07-11,2010,7,11,2,1,2
2010-07-12,2010,7,12,2,1,2
2010-07-13,2010,7,13,1,2,4
2010-07-14,2010,7,14,2,1,2
2010-07-15,2010,7,15,1,2,4
2010-07-16,2010,7,16,1,2,4
2010-07-17,2010,7,17,1,2,4
2010-07-18,2010,7,18,1,2,4
2010-07-19,2010,7,19,1,2,4
2010-07-20,2010,7,20,1,2,4
2010-07-21,2010,7,21,1,2,4
2010-07-22,2010,7,22,1,2,4
2010-07-23,2010,7,23,1,2,4
2010-07-24,2010,7,24,1,2,4
2010-07-25,2010,7,25,1,2,4
2010-07-26,2010,7,26,1,2,4
2010-07-27,2010,7,27,1,2,4
2010-07-28,2010,7,28,1,2,4
2010-07-29,2010,7,29,1,2,4
2010-07-30,2010,7,30,1,2,4
2010-07-31,2010,7,31,1,2,4
2010-08-01,2010,8,1,1,2,4
2010-08-02,2010,8,2,2,2,5
2010-08-03,2010,8,3,2,3,8
2010-08-04,2010,8,4,3,2,6
2010-08-05,2010,8,5,3,2,6
2010-08-06,2010,8,6,3,2,6
2010-08-07,2010,8,7,3,2,6
2010-08-08,2010,8,8,3,2,6
2010-08-09,2010,8,9,1,2,4
2010-08-10,2010,8,10,1,2,4
2010-08-11,2010,8,11,1,2,4
2010-08-12,2010,8,12,1,2,4
2010-08-13,2010,8,13,2,1,2
2010-08-14,2010,8,14,1,2,4
2010-08-15,2010,8,15,1,2,4
2010-08-16,2010,8,16,1,2,4
2010-08-17,2010,8,17,1,2,4
2010-08-18,2010,8,18,1,2,4
2010-08-19,2010,8,19,1,2,4
2010-08-20,2010,8,20,1,2,4
2010-08-21,2010,8,21,1,2,4
2010-08-22,2010,8,22,1,2,4
2010-08-23,2010,8,23,1,2,4
2010-08-24,2010,8,24,1,2,4
2010-08-25,2010,8,25,3,2,6
2010-08-26,2010,8,26,3,2,6
2010-08-27,2010,8,27,3,2,6
2010-08-28,2010,8,28,3,2,6
2010-08-29,2010,8,29,3,2,6
2010-08-30,2010,8,30,2,2,5
2010-08-31,2010,8,31,3,2,6
2011-06-01,2011,6,1,1,3,7
2011-06-02,2011,6,2,1,2,4
2011-06-03,2011,6,3,1,2,4
2011-06-04,2011,6,4,1,2,4
2011-06-05,2011,6,5,1,2,4
2011-06-06,2011,6,6,1,2,4
2011-06-07,2011,6,7,1,2,4
2011-06-08,2011,6,8,1,2,4
2011-06-09,2011,6,9,1,3,7
2011-06-10,2011,6,10,1,3,7
2011-06-11,2011,6,11,1,3,7
2011-06-12,2011,6,12,3,1,3
2011-06-13,2011,6,13,3,1,3
2011-06-14,2011,6,14,1,3,7
2011-06-15,2011,6,15,1,3,7
2011-06-16,2011,6,16,1,3,7
2011-06-17,2011,6,17,1,3,7
2011-06-18,2011,6,18,1,3,7
2011-06-19,2011,6,19,1,3,7
2011-06-20,2011,6,20,2,1,2
2011-06-21,2011,6,21,2,1,2
2011-06-22,2011,6,22,2,1,2
2011-06-23,2011,6,23,2,1,2
2011-06-24,2011,6,24,2,1,2
2011-06-25,2011,6,25,3,1,3
2011-06-26,2011,6,26,2,1,2
2011-06-27,2011,6,27,2,2,5
2011-06-28,2011,6,28,1,2,4
2011-06-29,2011,6,29,1,2,4
2011-06-30,2011,6,30,1,2,4
2011-07-01,2011,7,1,1,3,7
2011-07-02,2011,7,2,1,3,7
2011-07-03,2011,7,3,1,3,7
2011-07-04,2011,7,4,1,2,4
2011-07-05,2011,7,5,1,2,4
2011-07-06,2011,7,6,2,2,5
2011-07-07,2011,7,7,2,2,5
2011-07-08,2011,7,8,2,2,5
2011-07-09,2011,7,9,2,2,5
2011-07-10,2011,7,10,3,2,6
2011-07-11,2011,7,11,2,2,5
2011-07-12,2011,7,12,2,2,5
2011-07-13,2011,7,13,2,2,5
2011-07-14,2011,7,14,1,2,4
2011-07-15,2011,7,15,1,2,4
2011-07-16,2011,7,16,2,2,5
2011-07-17,2011,7,17,1,2,4
2011-07-18,2011,7,18,1,2,4
2011-07-19,2011,7,19,1,3,7
2011-07-20,2011,7,20,1,3,7
2011-07-21,2011,7,21,1,3,7
2011-07-22,2011,7,22,3,2,6
2011-07-23,2011,7,23,2,3,8
2011-07-24,2011,7,24,2,3,8
2011-07-25,2011,7,25,3,2,6
2011-07-26,2011,7,26,3,2,6
2011-07-27,2011,7,27,2,3,8
2011-07-28,2011,7,28,2,2,5
2011-07-29,2011,7,29,2,2,5
2011-07-30,2011,7,30,2,3,8
2011-07-31,2011,7,31,2,3,8
2011-08-01,2011,8,1,2,3,8
2011-08-02,2011,8,2,2,3,8
2011-08-03,2011,8,3,2,3,8
2011-08-04,2011,8,4,2,3,8
2011-08-05,2011,8,5,3,3,9
2011-08-06,2011,8,6,3,3,9
2011-08-07,2011,8,7,3,3,9
2011-08-08,2011,8,8,3,3,9
2011-08-09,2011,8,9,3,3,9
2011-08-10,2011,8,10,3,2,6
2011-08-11,2011,8,11,1,3,7
2011-08-12,2011,8,12,1,2,4
2011-08-13,2011,8,13,1,2,4
2011-08-14,2011,8,14,1,2,4
2011-08-15,2011,8,15,1,2,4
2011-08-16,2011,8,16,2,1,2
2011-08-17,2011,8,17,2,1,2
2011-08-18,2011,8,18,2,1,2
2011-08-19,2011,8,19,2,2,5
2011-08-20,2011,8,20,2,1,2
2011-08-21,2011,8,21,2,3,8
2011-08-22,2011,8,22,2,3,8
2011-08-23,2011,8,23,3,2,6
2011-08-24,2011,8,24,3,2,6
2011-08-25,2011,8,25,3,2,6
2011-08-26,2011,8,26,1,2,4
2011-08-27,2011,8,27,2,2,5
2011-08-28,2011,8,28,2,2,5
2011-08-29,2011,8,29,3,3,9
2011-08-30,2011,8,30,3,3,9
2011-08-31,2011,8,31,2,3,8
2012-06-01,2012,6,1,3,1,3
2012-06-02,2012,6,2,3,1,3
2012-06-03,2012,6,3,1,3,7
2012-06-04,2012,6,4,1,3,7
2012-06-05,2012,6,5,1,3,7
2012-06-06,2012,6,6,1,3,7
2012-06-07,2012,6,7,1,3,7
2012-06-08,2012,6,8,1,3,7
2012-06-09,2012,6,9,1,3,7
2012-06-10,2012,6,10,1,3,7
2012-06-11,2012,6,11,1,3,7
2012-06-12,2012,6,12,1,3,7
2012-06-13,2012,6,13,3,1,3
2012-06-14,2012,6,14,1,3,7
2012-06-15,2012,6,15,3,3,9
2012-06-16,2012,6,16,1,3,7
2012-06-17,2012,6,17,2,2,5
2012-06-18,2012,6,18,3,3,9
2012-06-19,2012,6,19,1,3,7
2012-06-20,2012,6,20,1,3,7
2012-06-21,2012,6,21,1,3,7
2012-06-22,2012,6,22,1,3,7
2012-06-23,2012,6,23,1,3,7
2012-06-24,2012,6,24,1,3,7
2012-06-25,2012,6,25,1,3,7
2012-06-26,2012,6,26,1,3,7
2012-06-27,2012,6,27,3,1,3
2012-06-28,2012,6,28,3,1,3
2012-06-29,2012,6,29,3,1,3
2012-06-30,2012,6,30,1,3,7
2012-07-01,2012,7,1,2,1,2
2012-07-02,2012,7,2,1,2,4
2012-07-03,2012,7,3,1,2,4
2012-07-04,2012,7,4,1,2,4
2012-07-05,2012,7,5,1,2,4
2012-07-06,2012,7,6,1,2,4
2012-07-07,2012,7,7,1,2,4
2012-07-08,2012,7,8,1,2,4
2012-07-09,2012,7,9,1,2,4
2012-07-10,2012,7,10,1,2,4
2012-07-11,2012,7,11,1,2,4
2012-07-12,2012,7,12,1,2,4
2012-07-13,2012,7,13,1,2,4
2012-07-14,2012,7,14,1,2,4
2012-07-15,2012,7,15,1,2,4
2012-07-16,2012,7,16,1,2,4
2012-07-17,2012,7,17,2,1,2
2012-07-18,2012,7,18,2,1,2
2012-07-19,2012,7,19,2,1,2
2012-07-20,2012,7,20,2,3,8
2012-07-21,2012,7,21,2,3,8
2012-07-22,2012,7,22,3,3,9
2012-07-23,2012,7,23,3,2,6
2012-07-24,2012,7,24,2,3,8
2012-07-25,2012,7,25,2,3,8
2012-07-26,2012,7,26,2,3,8
2012-07-27,2012,7,27,2,3,8
2012-07-28,2012,7,28,2,3,8
2012-07-29,2012,7,29,3,3,9
2012-07-30,2012,7,30,3,3,9
2012-07-31,2012,7,31,3,3,9
2012-08-01,2012,8,1,3,3,9
2012-08-02,2012,8,2,3,3,9
2012-08-03,2012,8,3,2,3,8
2012-08-04,2012,8,4,3,3,9
2012-08-05,2012,8,5,2,3,8
2012-08-06,2012,8,6,2,3,8
2012-08-07,2012,8,7,2,3,8
2012-08-08,2012,8,8,2,3,8
2012-08-09,2012,8,9,2,3,8
2012-08-10,2012,8,10,2,3,8
2012-08-11,2012,8,11,2,3,8
2012-08-12,2012,8,12,2,3,8
2012-08-13,2012,8,13,2,3,8
2012-08-14,2012,8,14,3,2,6
2012-08-15,2012,8,15,3,2,6
2012-08-16,2012,8,16,3,2,6
2012-08-17,2012,8,17,2,3,8
2012-08-18,2012,8,18,2,3,8
2012-08-19,2012,8,19,2,2,5
2012-08-20,2012,8,20,2,2,5
2012-08-21,2012,8,21,3,2,6
2012-08-22,2012,8,22,3,2,6
2012-08-23,2012,8,23,3,3,9
2012-08-24,2012,8,24,3,3,9
2012-08-25,2012,8,25,2,3,8
2012-08-26,2012,8,26,2,3,8
2012-08-27,2012,8,27,2,3,8
2012-08-28,2012,8,28,1,2,4
2012-08-29,2012,8,29,2,2,5
2012-08-30,2012,8,30,2,3,8
2012-08-31,2012,8,31,2,3,8
2013-06-01,2013,6,1,1,3,7
2013-06-02,2013,6,2,1,3,7
2013-06-03,2013,6,3,1,3,7
2013-06-04,2013,6,4,1,3,7
2013-06-05,2013,6,5,1,3,7
2013-06-06,2013,6,6,1,3,7
2013-06-07,2013,6,7,1,3,7
2013-06-08,2013,6,8,1,3,7
2013-06-09,2013,6,9,1,3,7
2013-06-10,2013,6,10,1,2,4
2013-06-11,2013,6,11,1,3,7
2013-06-12,2013,6,12,1,2,4
2013-06-13,2013,6,13,1,3,7
2013-06-14,2013,6,14,1,3,7
2013-06-15,2013,6,15,1,3,7
2013-06-16,2013,6,16,1,1,1
2013-06-17,2013,6,17,1,3,7
2013-06-18,2013,6,18,3,1,3
2013-06-19,2013,6,19,3,1,3
2013-06-20,2013,6,20,3,1,3
2013-06-21,2013,6,21,3,1,3
2013-06-22,2013,6,22,1,3,7
2013-06-23,2013,6,23,1,3,7
2013-06-24,2013,6,24,1,3,7
2013-06-25,2013,6,25,1,3,7
2013-06-26,2013,6,26,1,3,7
2013-06-27,2013,6,27,1,3,7
2013-06-28,2013,6,28,1,3,7
2013-06-29,2013,6,29,1,1,1
2013-06-30,2013,6,30,2,2,5
2013-07-01,2013,7,1,2,2,5
2013-07-02,2013,7,2,1,2,4
2013-07-03,2013,7,3,1,2,4
2013-07-04,2013,7,4,1,2,4
2013-07-05,2013,7,5,1,2,4
2013-07-06,2013,7,6,1,2,4
2013-07-07,2013,7,7,1,2,4
2013-07-08,2013,7,8,1,2,4
2013-07-09,2013,7,9,1,2,4
2013-07-10,2013,7,10,1,2,4
2013-07-11,2013,7,11,1,2,4
2013-07-12,2013,7,12,1,2,4
2013-07-13,2013,7,13,1,2,4
2013-07-14,2013,7,14,1,2,4
2013-07-15,2013,7,15,1,2,4
2013-07-16,2013,7,16,2,2,5
2013-07-17,2013,7,17,2,3,8
2013-07-18,2013,7,18,3,3,9
2013-07-19,2013,7,19,3,3,9
2013-07-20,2013,7,20,1,3,7
2013-07-21,2013,7,21,1,2,4
2013-07-22,2013,7,22,1,2,4
2013-07-23,2013,7,23,2,2,5
2013-07-24,2013,7,24,2,2,5
2013-07-25,2013,7,25,1,3,7
2013-07-26,2013,7,26,1,3,7
2013-07-27,2013,7,27,1,3,7
2013-07-28,2013,7,28,1,3,7
2013-07-29,2013,7,29,1,3,7
2013-07-30,2013,7,30,1,3,7
2013-07-31,2013,7,31,1,3,7
2013-08-01,2013,8,1,3,1,3
2013-08-02,2013,8,2,1,1,1
2013-08-03,2013,8,3,1,1,1
2013-08-04,2013,8,4,2,1,2
2013-08-05,2013,8,5,2,1,2
2013-08-06,2013,8,6,2,1,2
2013-08-07,2013,8,7,3,1,3
2013-08-08,2013,8,8,3,2,6
2013-08-09,2013,8,9,2,1,2
2013-08-10,2013,8,10,2,1,2
2013-08-11,2013,8,11,2,1,2
2013-08-12,2013,8,12,1,2,4
2013-08-13,2013,8,13,1,2,4
2013-08-14,2013,8,14,2,2,5
2013-08-15,2013,8,15,2,2,5
2013-08-16,2013,8,16,3,3,9
2013-08-17,2013,8,17,3,3,9
2013-08-18,2013,8,18,3,3,9
2013-08-19,2013,8,19,3,3,9
2013-08-20,2013,8,20,3,3,9
2013-08-21,2013,8,21,3,3,9
2013-08-22,2013,8,22,2,3,8
2013-08-23,2013,8,23,2,3,8
2013-08-24,2013,8,24,2,3,8
2013-08-25,2013,8,25,2,3,8
2013-08-26,2013,8,26,1,2,4
2013-08-27,2013,8,27,1,2,4
2013-08-28,2013,8,28,1,2,4
2013-08-29,2013,8,29,1,2,4
2013-08-30,2013,8,30,2,2,5
2013-08-31,2013,8,31,2,2,5
2014-06-01,2014,6,1,1,2,4
2014-06-02,2014,6,2,1,2,4
2014-06-03,2014,6,3,1,2,4
2014-06-04,2014,6,4,1,2,4
2014-06-05,2014,6,5,1,2,4
2014-06-06,2014,6,6,2,3,8
2014-06-07,2014,6,7,1,3,7
2014-06-08,2014,6,8,1,3,7
2014-06-09,2014,6,9,2,3,8
2014-06-10,2014,6,10,3,3,9
2014-06-11,2014,6,11,3,3,9
2014-06-12,2014,6,12,1,3,7
2014-06-13,2014,6,13,1,3,7
2014-06-14,2014,6,14,1,3,7
2014-06-15,2014,6,15,1,3,7
2014-06-16,2014,6,16,1,3,7
2014-06-17,2014,6,17,1,3,7
2014-06-18,2014,6,18,1,3,7
2014-06-19,2014,6,19,1,3,7
2014-06-20,2014,6,20,1,3,7
2014-06-21,2014,6,21,1,3,7
2014-06-22,2014,6,22,1,3,7
2014-06-23,2014,6,23,1,3,7
2014-06-24,2014,6,24,1,3,7
2014-06-25,2014,6,25,1,3,7
2014-06-26,2014,6,26,1,3,7
2014-06-27,2014,6,27,1,3,7
2014-06-28,2014,6,28,3,3,9
2014-06-29,2014,6,29,1,3,7
2014-06-30,2014,6,30,2,1,2
2014-07-01,2014,7,1,2,1,2
2014-07-02,2014,7,2,2,1,2
2014-07-03,2014,7,3,1,3,7
2014-07-04,2014,7,4,2,1,2
2014-07-05,2014,7,5,2,1,2
2014-07-06,2014,7,6,1,1,1
2014-07-07,2014,7,7,3,1,3
2014-07-08,2014,7,8,3,3,9
2014-07-09,2014,7,9,1,3,7
2014-07-10,2014,7,10,1,3,7
2014-07-11,2014,7,11,1,3,7
2014-07-12,2014,7,12,2,1,2
2014-07-13,2014,7,13,2,1,2
2014-07-14,2014,7,14,3,2,6
2014-07-15,2014,7,15,1,3,7
2014-07-16,2014,7,16,1,3,7
2014-07-17,2014,7,17,3,3,9
2014-07-18,2014,7,18,3,3,9
2014-07-19,2014,7,19,2,3,8
2014-07-20,2014,7,20,3,3,9
2014-07-21,2014,7,21,3,3,9
2014-07-22,2014,7,22,3,3,9
2014-07-23,2014,7,23,3,3,9
2014-07-24,2014,7,24,3,3,9
2014-07-25,2014,7,25,3,2,6
2014-07-26,2014,7,26,3,2,6
2014-07-27,2014,7,27,2,3,8
2014-07-28,2014,7,28,3,2,6
2014-07-29,2014,7,29,3,2,6
2014-07-30,2014,7,30,3,2,6
2014-07-31,2014,7,31,3,3,9
2014-08-01,2014,8,1,3,3,9
2014-08-02,2014,8,2,3,3,9
2014-08-03,2014,8,3,3,3,9
2014-08-04,2014,8,4,2,2,5
2014-08-05,2014,8,5,2,2,5
2014-08-06,2014,8,6,2,2,5
2014-08-07,2014,8,7,3,3,9
2014-08-08,2014,8,8,2,2,5
2014-08-09,2014,8,9,2,2,5
2014-08-10,2014,8,10,2,2,5
2014-08-11,2014,8,11,2,2,5
2014-08-12,2014,8,12,2,2,5
2014-08-13,2014,8,13,2,2,5
2014-08-14,2014,8,14,2,2,5
2014-08-15,2014,8,15,1,2,4
2014-08-16,2014,8,16,2,1,2
2014-08-17,2014,8,17,1,2,4
2014-08-18,2014,8,18,1,2,4
2014-08-19,2014,8,19,3,1,3
2014-08-20,2014,8,20,1,2,4
2014-08-21,2014,8,21,1,2,4
2014-08-22,2014,8,22,1,2,4
2014-08-23,2014,8,23,1,2,4
2014-08-24,2014,8,24,1,2,4
2014-08-25,2014,8,25,1,2,4
2014-08-26,2014,8,26,2,1,2
2014-08-27,2014,8,27,3,1,3
2014-08-28,2014,8,28,2,1,2
2014-08-29,2014,8,29,2,3,8
2014-08-30,2014,8,30,2,3,8
2014-08-31,2014,8,31,2,3,8
2015-06-01,2015,6,1,1,1,1
2015-06-02,2015,6,2,2,1,2
2015-06-03,2015,6,3,2,1,2
2015-06-04,2015,6,4,2,1,2
2015-06-05,2015,6,5,2,1,2
2015-06-06,2015,6,6,2,1,2
2015-06-07,2015,6,7,2,1,2
2015-06-08,2015,6,8,1,2,4
2015-06-09,2015,6,9,1,2,4
2015-06-10,2015,6,10,1,2,4
2015-06-11,2015,6,11,1,2,4
2015-06-12,2015,6,12,1,2,4
2015-06-13,2015,6,13,1,2,4
2015-06-14,2015,6,14,1,2,4
2015-06-15,2015,6,15,1,3,7
2015-06-16,2015,6,16,1,3,7
2015-06-17,2015,6,17,1,3,7
2015-06-18,2015,6,18,1,3,7
2015-06-19,2015,6,19,1,3,7
2015-06-20,2015,6,20,1,3,7
2015-06-21,2015,6,21,3,1,3
2015-06-22,2015,6,22,3,1,3
2015-06-23,2015,6,23,1,3,7
2015-06-24,2015,6,24,1,3,7
2015-06-25,2015,6,25,1,3,7
2015-06-26,2015,6,26,1,3,7
2015-06-27,2015,6,27,1,3,7
2015-06-28,2015,6,28,1,1,1
2015-06-29,2015,6,29,3,1,3
2015-06-30,2015,6,30,1,3,7
2015-07-01,2015,7,1,3,3,9
2015-07-02,2015,7,2,3,3,9
2015-07-03,2015,7,3,3,3,9
2015-07-04,2015,7,4,3,3,9
2015-07-05,2015,7,5,3,3,9
2015-07-06,2015,7,6,3,2,6
2015-07-07,2015,7,7,3,2,6
2015-07-08,2015,7,8,3,3,9
2015-07-09,2015,7,9,3,3,9
2015-07-10,2015,7,10,3,3,9
2015-07-11,2015,7,11,3,3,9
2015-07-12,2015,7,12,3,3,9
2015-07-13,2015,7,13,2,2,5
2015-07-14,2015,7,14,3,3,9
2015-07-15,2015,7,15,3,3,9
2015-07-16,2015,7,16,3,1,3
2015-07-17,2015,7,17,3,1,3
2015-07-18,2015,7,18,2,2,5
2015-07-19,2015,7,19,2,2,5
2015-07-20,2015,7,20,2,2,5
2015-07-21,2015,7,21,2,2,5
2015-07-22,2015,7,22,2,2,5
2015-07-23,2015,7,23,2,2,5
2015-07-24,2015,7,24,2,2,5
2015-07-25,2015,7,25,2,2,5
2015-07-26,2015,7,26,2,2,5
2015-07-27,2015,7,27,2,2,5
2015-07-28,2015,7,28,2,2,5
2015-07-29,2015,7,29,2,2,5
2015-07-30,2015,7,30,2,2,5
2015-07-31,2015,7,31,2,3,8
2015-08-01,2015,8,1,2,3,8
2015-08-02,2015,8,2,2,3,8
2015-08-03,2015,8,3,2,3,8
2015-08-04,2015,8,4,2,3,8
2015-08-05,2015,8,5,3,3,9
2015-08-06,2015,8,6,3,3,9
2015-08-07,2015,8,7,3,3,9
2015-08-08,2015,8,8,3,3,9
2015-08-09,2015,8,9,3,3,9
2015-08-10,2015,8,10,3,3,9
2015-08-11,2015,8,11,3,1,3
2015-08-12,2015,8,12,1,1,1
2015-08-13,2015,8,13,1,1,1
2015-08-14,2015,8,14,2,2,5
2015-08-15,2015,8,15,2,2,5
2015-08-16,2015,8,16,2,2,5
2015-08-17,2015,8,17,2,2,5
2015-08-18,2015,8,18,2,3,8
2015-08-19,2015,8,19,2,3,8
2015-08-20,2015,8,20,3,3,9
2015-08-21,2015,8,21,3,3,9
2015-08-22,2015,8,22,3,3,9
2015-08-23,2015,8,23,3,3,9
2015-08-24,2015,8,24,3,3,9
2015-08-25,2015,8,25,3,3,9
2015-08-26,2015,8,26,2,3,8
2015-08-27,2015,8,27,1,3,7
2015-08-28,2015,8,28,2,3,8
2015-08-29,2015,8,29,2,2,5
2015-08-30,2015,8,30,2,2,5
2015-08-31,2015,8,31,2,3,8
2016-06-01,2016,6,1,1,3,7
2016-06-02,2016,6,2,1,1,1
2016-06-03,2016,6,3,3,1,3
2016-06-04,2016,6,4,3,1,3
2016-06-05,2016,6,5,3,1,3
2016-06-06,2016,6,6,3,1,3
2016-06-07,2016,6,7,1,3,7
2016-06-08,2016,6,8,3,1,3
2016-06-09,2016,6,9,3,3,9
2016-06-10,2016,6,10,3,1,3
2016-06-11,2016,6,11,1,3,7
2016-06-12,2016,6,12,1,3,7
2016-06-13,2016,6,13,1,3,7
2016-06-14,2016,6,14,1,3,7
2016-06-15,2016,6,15,1,3,7
2016-06-16,2016,6,16,1,3,7
2016-06-17,2016,6,17,1,2,4
2016-06-18,2016,6,18,1,2,4
2016-06-19,2016,6,19,1,2,4
2016-06-20,2016,6,20,1,2,4
2016-06-21,2016,6,21,1,3,7
2016-06-22,2016,6,22,1,3,7
2016-06-23,2016,6,23,1,3,7
2016-06-24,2016,6,24,1,3,7
2016-06-25,2016,6,25,1,1,1
2016-06-26,2016,6,26,1,1,1
2016-06-27,2016,6,27,3,2,6
2016-06-28,2016,6,28,3,2,6
2016-06-29,2016,6,29,2,1,2
2016-06-30,2016,6,30,1,3,7
2016-07-01,2016,7,1,1,3,7
2016-07-02,2016,7,2,1,3,7
2016-07-03,2016,7,3,1,3,7
2016-07-04,2016,7,4,1,3,7
2016-07-05,2016,7,5,2,1,2
2016-07-06,2016,7,6,2,1,2
2016-07-07,2016,7,7,3,2,6
2016-07-08,2016,7,8,3,3,9
2016-07-09,2016,7,9,3,3,9
2016-07-10,2016,7,10,1,3,7
2016-07-11,2016,7,11,1,3,7
2016-07-12,2016,7,12,1,3,7
2016-07-13,2016,7,13,1,3,7
2016-07-14,2016,7,14,1,3,7
2016-07-15,2016,7,15,1,2,4
2016-07-16,2016,7,16,1,2,4
2016-07-17,2016,7,17,1,3,7
2016-07-18,2016,7,18,1,3,7
2016-07-19,2016,7,19,1,2,4
2016-07-20,2016,7,20,1,2,4
2016-07-21,2016,7,21,1,2,4
2016-07-22,2016,7,22,1,2,4
2016-07-23,2016,7,23,1,2,4
2016-07-24,2016,7,24,1,2,4
2016-07-25,2016,7,25,1,2,4
2016-07-26,2016,7,26,1,2,4
2016-07-27,2016,7,27,1,2,4
2016-07-28,2016,7,28,2,3,8
2016-07-29,2016,7,29,2,3,8
2016-07-30,2016,7,30,2,3,8
2016-07-31,2016,7,31,3,2,6
2016-08-01,2016,8,1,3,3,9
2016-08-02,2016,8,2,3,3,9
2016-08-03,2016,8,3,2,3,8
2016-08-04,2016,8,4,2,3,8
2016-08-05,2016,8,5,2,3,8
2016-08-06,2016,8,6,3,3,9
2016-08-07,2016,8,7,3,3,9
2016-08-08,2016,8,8,3,3,9
2016-08-09,2016,8,9,3,3,9
2016-08-10,2016,8,10,2,3,8
2016-08-11,2016,8,11,2,3,8
2016-08-12,2016,8,12,2,3,8
2016-08-13,2016,8,13,3,3,9
2016-08-14,2016,8,14,3,3,9
2016-08-15,2016,8,15,3,3,9
2016-08-16,2016,8,16,2,3,8
2016-08-17,2016,8,17,3,3,9
2016-08-18,2016,8,18,2,3,8
2016-08-19,2016,8,19,2,3,8
2016-08-20,2016,8,20,2,3,8
2016-08-21,2016,8,21,3,3,9
2016-08-22,2016,8,22,3,3,9
2016-08-23,2016,8,23,3,2,6
2016-08-24,2016,8,24,3,3,9
2016-08-25,2016,8,25,3,3,9
2016-08-26,2016,8,26,3,3,9
2016-08-27,2016,8,27,3,3,9
2016-08-28,2016,8,28,3,3,9
2016-08-29,2016,8,29,1,3,7
2016-08-30,2016,8,30,1,2,4
2016-08-31,2016,8,31,2,2,5
2017-06-01,2017,6,1,1,2,4
2017-06-02,2017,6,2,1,3,7
2017-06-03,2017,6,3,1,3,7
2017-06-04,2017,6,4,3,1,3
2017-06-05,2017,6,5,1,3,7
2017-06-06,2017,6,6,1,3,7
2017-06-07,2017,6,7,1,3,7
2017-06-08,2017,6,8,1,3,7
2017-06-09,2017,6,9,2,2,5
2017-06-10,2017,6,10,1,2,4
2017-06-11,2017,6,11,1,3,7
2017-06-12,2017,6,12,1,3,7
2017-06-13,2017,6,13,1,1,1
2017-06-14,2017,6,14,1,1,1
2017-06-15,2017,6,15,1,1,1
2017-06-16,2017,6,16,1,1,1
2017-06-17,2017,6,17,1,1,1
2017-06-18,2017,6,18,1,1,1
2017-06-19,2017,6,19,1,2,4
2017-06-20,2017,6,20,1,1,1
2017-06-21,2017,6,21,1,2,4
2017-06-22,2017,6,22,2,1,2
2017-06-23,2017,6,23,1,1,1
2017-06-24,2017,6,24,1,1,1
2017-06-25,2017,6,25,1,1,1
2017-06-26,2017,6,26,2,1,2
2017-06-27,2017,6,27,1,1,1
2017-06-28,2017,6,28,1,1,1
2017-06-29,2017,6,29,1,1,1
2017-06-30,2017,6,30,1,2,4
2017-07-01,2017,7,1,1,2,4
2017-07-02,2017,7,2,1,1,1
2017-07-03,2017,7,3,1,2,4
2017-07-04,2017,7,4,1,2,4
2017-07-05,2017,7,5,1,2,4
2017-07-06,2017,7,6,2,1,2
2017-07-07,2017,7,7,1,2,4
2017-07-08,2017,7,8,1,2,4
2017-07-09,2017,7,9,1,2,4
2017-07-10,2017,7,10,1,2,4
2017-07-11,2017,7,11,2,1,2
2017-07-12,2017,7,12,2,2,5
2017-07-13,2017,7,13,2,2,5
2017-07-14,2017,7,14,2,2,5
2017-07-15,2017,7,15,1,2,4
2017-07-16,2017,7,16,1,2,4
2017-07-17,2017,7,17,1,2,4
2017-07-18,2017,7,18,1,2,4
2017-07-19,2017,7,19,1,2,4
2017-07-20,2017,7,20,2,3,8
2017-07-21,2017,7,21,2,3,8
2017-07-22,2017,7,22,2,3,8
2017-07-23,2017,7,23,2,3,8
2017-07-24,2017,7,24,2,3,8
2017-07-25,2017,7,25,2,3,8
2017-07-26,2017,7,26,2,3,8
2017-07-27,2017,7,27,2,3,8
2017-07-28,2017,7,28,2,3,8
2017-07-29,2017,7,29,3,3,9
2017-07-30,2017,7,30,3,3,9
2017-07-31,2017,7,31,3,3,9
2017-08-01,2017,8,1,2,3,8
2017-08-02,2017,8,2,2,3,8
2017-08-03,2017,8,3,2,3,8
2017-08-04,2017,8,4,2,3,8
2017-08-05,2017,8,5,1,3,7
2017-08-06,2017,8,6,1,3,7
2017-08-07,2017,8,7,1,2,4
2017-08-08,2017,8,8,1,2,4
2017-08-09,2017,8,9,1,2,4
2017-08-10,2017,8,10,1,2,4
2017-08-11,2017,8,11,1,2,4
2017-08-12,2017,8,12,1,2,4
2017-08-13,2017,8,13,1,2,4
2017-08-14,2017,8,14,1,2,4
2017-08-15,2017,8,15,1,2,4
2017-08-16,2017,8,16,1,2,4
2017-08-17,2017,8,17,1,2,4
2017-08-18,2017,8,18,2,1,2
2017-08-19,2017,8,19,2,1,2
2017-08-20,2017,8,20,2,1,2
2017-08-21,2017,8,21,2,2,5
2017-08-22,2017,8,22,3,2,6
2017-08-23,2017,8,23,2,2,5
2017-08-24,2017,8,24,2,2,5
2017-08-25,2017,8,25,2,2,5
2017-08-26,2017,8,26,2,2,5
2017-08-27,2017,8,27,2,2,5
2017-08-28,2017,8,28,2,2,5
2017-08-29,2017,8,29,2,2,5
2017-08-30,2017,8,30,2,2,5
2017-08-31,2017,8,31,2,3,8
2018-06-01,2018,6,1,2,1,2
2018-06-02,2018,6,2,3,2,6
2018-06-03,2018,6,3,3,2,6
2018-06-04,2018,6,4,3,2,6
2018-06-05,2018,6,5,3,2,6
2018-06-06,2018,6,6,3,2,6
2018-06-07,2018,6,7,3,3,9
2018-06-08,2018,6,8,3,3,9
2018-06-09,2018,6,9,3,3,9
2018-06-10,2018,6,10,1,1,1
2018-06-11,2018,6,11,1,1,1
2018-06-12,2018,6,12,1,3,7
2018-06-13,2018,6,13,1,3,7
2018-06-14,2018,6,14,1,3,7
2018-06-15,2018,6,15,1,3,7
2018-06-16,2018,6,16,3,3,9
2018-06-17,2018,6,17,3,3,9
2018-06-18,2018,6,18,1,3,7
2018-06-19,2018,6,19,1,3,7
2018-06-20,2018,6,20,1,3,7
2018-06-21,2018,6,21,1,1,1
2018-06-22,2018,6,22,2,2,5
2018-06-23,2018,6,23,2,1,2
2018-06-24,2018,6,24,2,1,2
2018-06-25,2018,6,25,2,1,2
2018-06-26,2018,6,26,2,1,2
2018-06-27,2018,6,27,2,1,2
2018-06-28,2018,6,28,2,1,2
2018-06-29,2018,6,29,2,1,2
2018-06-30,2018,6,30,2,2,5
2018-07-01,2018,7,1,2,2,5
2018-07-02,2018,7,2,2,2,5
2018-07-03,2018,7,3,2,2,5
2018-07-04,2018,7,4,2,1,2
2018-07-05,2018,7,5,2,1,2
2018-07-06,2018,7,6,2,3,8
2018-07-07,2018,7,7,2,3,8
2018-07-08,2018,7,8,2,3,8
2018-07-09,2018,7,9,2,3,8
2018-07-10,2018,7,10,2,3,8
2018-07-11,2018,7,11,2,3,8
2018-07-12,2018,7,12,2,3,8
2018-07-13,2018,7,13,3,2,6
2018-07-14,2018,7,14,3,3,9
2018-07-15,2018,7,15,3,3,9
2018-07-16,2018,7,16,3,3,9
2018-07-17,2018,7,17,2,3,8
2018-07-18,2018,7,18,3,3,9
2018-07-19,2018,7,19,3,3,9
2018-07-20,2018,7,20,3,3,9
2018-07-21,2018,7,21,3,3,9
2018-07-22,2018,7,22,3,3,9
2018-07-23,2018,7,23,2,3,8
2018-07-24,2018,7,24,2,3,8
2018-07-25,2018,7,25,3,3,9
2018-07-26,2018,7,26,2,3,8
2018-07-27,2018,7,27,2,3,8
2018-07-28,2018,7,28,2,3,8
2018-07-29,2018,7,29,3,3,9
2018-07-30,2018,7,30,2,3,8
2018-07-31,2018,7,31,3,3,9
2018-08-01,2018,8,1,3,3,9
2018-08-02,2018,8,2,3,3,9
2018-08-03,2018,8,3,3,3,9
2018-08-04,2018,8,4,3,3,9
2018-08-05,2018,8,5,3,3,9
2018-08-06,2018,8,6,3,3,9
2018-08-07,2018,8,7,3,3,9
2018-08-08,2018,8,8,3,3,9
2018-08-09,2018,8,9,3,3,9
2018-08-10,2018,8,10,3,3,9
2018-08-11,2018,8,11,3,3,9
2018-08-12,2018,8,12,3,3,9
2018-08-13,2018,8,13,3,3,9
2018-08-14,2018,8,14,3,3,9
2018-08-15,2018,8,15,2,3,8
2018-08-16,2018,8,16,3,3,9
2018-08-17,2018,8,17,3,3,9
2018-08-18,2018,8,18,3,2,6
2018-08-19,2018,8,19,3,2,6
2018-08-20,2018,8,20,3,2,6
2018-08-21,2018,8,21,3,3,9
2018-08-22,2018,8,22,3,2,6
2018-08-23,2018,8,23,3,3,9
2018-08-24,2018,8,24,3,3,9
2018-08-25,2018,8,25,3,3,9
2018-08-26,2018,8,26,3,3,9
2018-08-27,2018,8,27,3,3,9
2018-08-28,2018,8,28,3,3,9
2018-08-29,2018,8,29,3,3,9
2018-08-30,2018,8,30,3,2,6
2018-08-31,2018,8,31,3,2,6
2019-06-01,2019,6,1,1,2,4
2019-06-02,2019,6,2,1,2,4
2019-06-03,2019,6,3,1,2,4
2019-06-04,2019,6,4,1,2,4
2019-06-05,2019,6,5,1,2,4
2019-06-06,2019,6,6,1,2,4
2019-06-07,2019,6,7,1,2,4
2019-06-08,2019,6,8,1,2,4
2019-06-09,2019,6,9,1,1,1
2019-06-10,2019,6,10,1,1,1
2019-06-11,2019,6,11,1,1,1
2019-06-12,2019,6,12,1,2,4
2019-06-13,2019,6,13,1,1,1
2019-06-14,2019,6,14,1,1,1
2019-06-15,2019,6,15,1,3,7
2019-06-16,2019,6,16,1,3,7
2019-06-17,2019,6,17,1,3,7
2019-06-18,2019,6,18,1,3,7
2019-06-19,2019,6,19,1,3,7
2019-06-20,2019,6,20,1,3,7
2019-06-21,2019,6,21,1,3,7
2019-06-22,2019,6,22,1,3,7
2019-06-23,2019,6,23,1,3,7
2019-06-24,2019,6,24,1,1,1
2019-06-25,2019,6,25,2,1,2
2019-06-26,2019,6,26,3,2,6
2019-06-27,2019,6,27,3,3,9
2019-06-28,2019,6,28,3,3,9
2019-06-29,2019,6,29,3,3,9
2019-06-30,2019,6,30,3,3,9
2019-07-01,2019,7,1,3,1,3
2019-07-02,2019,7,2,3,1,3
2019-07-03,2019,7,3,3,2,6
2019-07-04,2019,7,4,1,3,7
2019-07-05,2019,7,5,1,3,7
2019-07-06,2019,7,6,1,3,7
2019-07-07,2019,7,7,1,3,7
2019-07-08,2019,7,8,1,3,7
2019-07-09,2019,7,9,1,1,1
2019-07-10,2019,7,10,1,1,1
2019-07-11,2019,7,11,1,1,1
2019-07-12,2019,7,12,1,3,7
2019-07-13,2019,7,13,1,3,7
2019-07-14,2019,7,14,3,3,9
2019-07-15,2019,7,15,3,3,9
2019-07-16,2019,7,16,3,3,9
2019-07-17,2019,7,17,3,3,9
2019-07-18,2019,7,18,3,3,9
2019-07-19,2019,7,19,2,2,5
2019-07-20,2019,7,20,2,2,5
2019-07-21,2019,7,21,2,2,5
2019-07-22,2019,7,22,2,2,5
2019-07-23,2019,7,23,2,2,5
2019-07-24,2019,7,24,2,2,5
2019-07-25,2019,7,25,2,2,5
2019-07-26,2019,7,26,2,3,8
2019-07-27,2019,7,27,2,2,5
2019-07-28,2019,7,28,2,2,5
2019-07-29,2019,7,29,2,3,8
2019-07-30,2019,7,30,2,3,8
2019-07-31,2019,7,31,2,3,8
2019-08-01,2019,8,1,2,3,8
2019-08-02,2019,8,2,2,3,8
2019-08-03,2019,8,3,2,3,8
2019-08-04,2019,8,4,3,3,9
2019-08-05,2019,8,5,3,3,9
2019-08-06,2019,8,6,3,3,9
2019-08-07,2019,8,7,3,3,9
2019-08-08,2019,8,8,3,3,9
2019-08-09,2019,8,9,3,3,9
2019-08-10,2019,8,10,3,3,9
2019-08-11,2019,8,11,3,3,9
2019-08-12,2019,8,12,3,3,9
2019-08-13,2019,8,13,3,3,9
2019-08-14,2019,8,14,3,3,9
2019-08-15,2019,8,15,3,3,9
2019-08-16,2019,8,16,3,3,9
2019-08-17,2019,8,17,3,3,9
2019-08-18,2019,8,18,2,2,5
2019-08-19,2019,8,19,3,3,9
2019-08-20,2019,8,20,2,2,5
2019-08-21,2019,8,21,2,2,5
2019-08-22,2019,8,22,3,3,9
2019-08-23,2019,8,23,3,3,9
2019-08-24,2019,8,24,3,2,6
2019-08-25,2019,8,25,3,2,6
2019-08-26,2019,8,26,2,3,8
2019-08-27,2019,8,27,2,3,8
2019-08-28,2019,8,28,3,3,9
2019-08-29,2019,8,29,3,3,9
2019-08-30,2019,8,30,3,2,6
2019-08-31,2019,8,31,3,2,6
2020-06-01,2020,6,1,1,2,4
2020-06-02,2020,6,2,1,2,4
2020-06-03,2020,6,3,1,2,4
2020-06-04,2020,6,4,1,3,7
2020-06-05,2020,6,5,1,3,7
2020-06-06,2020,6,6,1,3,7
2020-06-07,2020,6,7,1,3,7
2020-06-08,2020,6,8,1,3,7
2020-06-09,2020,6,9,1,2,4
2020-06-10,2020,6,10,1,2,4
2020-06-11,2020,6,11,1,2,4
2020-06-12,2020,6,12,1,2,4
2020-06-13,2020,6,13,1,2,4
2020-06-14,2020,6,14,1,2,4
2020-06-15,2020,6,15,1,1,1
2020-06-16,2020,6,16,1,1,1
2020-06-17,2020,6,17,1,1,1
2020-06-18,2020,6,18,1,1,1
2020-06-19,2020,6,19,1,1,1
2020-06-20,2020,6,20,1,1,1
2020-06-21,2020,6,21,1,1,1
2020-06-22,2020,6,22,1,1,1
2020-06-23,2020,6,23,1,2,4
2020-06-24,2020,6,24,1,2,4
2020-06-25,2020,6,25,1,2,4
2020-06-26,2020,6,26,1,2,4
2020-06-27,2020,6,27,1,2,4
2020-06-28,2020,6,28,1,2,4
2020-06-29,2020,6,29,1,1,1
2020-06-30,2020,6,30,2,1,2
2020-07-01,2020,7,1,2,1,2
2020-07-02,2020,7,2,2,1,2
2020-07-03,2020,7,3,2,2,5
2020-07-04,2020,7,4,2,2,5
2020-07-05,2020,7,5,1,2,4
2020-07-06,2020,7,6,1,2,4
2020-07-07,2020,7,7,1,2,4
2020-07-08,2020,7,8,1,2,4
2020-07-09,2020,7,9,1,2,4
2020-07-10,2020,7,10,1,2,4
2020-07-11,2020,7,11,1,2,4
2020-07-12,2020,7,12,1,2,4
2020-07-13,2020,7,13,1,2,4
2020-07-14,2020,7,14,2,1,2
2020-07-15,2020,7,15,2,1,2
2020-07-16,2020,7,16,2,1,2
2020-07-17,2020,7,17,2,1,2
2020-07-18,2020,7,18,1,2,4
2020-07-19,2020,7,19,1,2,4
2020-07-20,2020,7,20,1,2,4
2020-07-21,2020,7,21,1,2,4
2020-07-22,2020,7,22,1,2,4
2020-07-23,2020,7,23,1,2,4
2020-07-24,2020,7,24,1,2,4
2020-07-25,2020,7,25,1,2,4
2020-07-26,2020,7,26,1,2,4
2020-07-27,2020,7,27,1,2,4
2020-07-28,2020,7,28,1,2,4
2020-07-29,2020,7,29,1,2,4
2020-07-30,2020,7,30,1,2,4
2020-07-31,2020,7,31,2,2,5
2020-08-01,2020,8,1,3,2,6
2020-08-02,2020,8,2,3,1,3
2020-08-03,2020,8,3,1,2,4
2020-08-04,2020,8,4,1,2,4
2020-08-05,2020,8,5,1,2,4
2020-08-06,2020,8,6,1,2,4
2020-08-07,2020,8,7,1,2,4
2020-08-08,2020,8,8,1,2,4
2020-08-09,2020,8,9,1,2,4
2020-08-10,2020,8,10,1,2,4
2020-08-11,2020,8,11,1,2,4
2020-08-12,2020,8,12,2,1,2
2020-08-13,2020,8,13,2,2,5
2020-08-14,2020,8,14,2,2,5
2020-08-15,2020,8,15,2,2,5
2020-08-16,2020,8,16,2,2,5
2020-08-17,2020,8,17,2,2,5
2020-08-18,2020,8,18,2,2,5
2020-08-19,2020,8,19,3,2,6
2020-08-20,2020,8,20,3,2,6
2020-08-21,2020,8,21,3,2,6
2020-08-22,2020,8,22,2,2,5
2020-08-23,2020,8,23,2,2,5
2020-08-24,2020,8,24,2,2,5
2020-08-25,2020,8,25,2,2,5
2020-08-26,2020,8,26,2,2,5
2020-08-27,2020,8,27,2,2,5
2020-08-28,2020,8,28,2,2,5
2020-08-29,2020,8,29,2,2,5
2020-08-30,2020,8,30,1,2,4
2020-08-31,2020,8,31,1,2,4
2021-06-01,2021,6,1,1,2,4
2021-06-02,2021,6,2,1,2,4
2021-06-03,2021,6,3,1,2,4
2021-06-04,2021,6,4,1,3,7
2021-06-05,2021,6,5,1,3,7
2021-06-06,2021,6,6,1,3,7
2021-06-07,2021,6,7,3,2,6
2021-06-08,2021,6,8,2,3,8
2021-06-09,2021,6,9,2,3,8
2021-06-10,2021,6,10,2,3,8
2021-06-11,2021,6,11,1,2,4
2021-06-12,2021,6,12,1,2,4
2021-06-13,2021,6,13,1,2,4
2021-06-14,2021,6,14,1,2,4
2021-06-15,2021,6,15,1,2,4
2021-06-16,2021,6,16,1,2,4
2021-06-17,2021,6,17,1,1,1
2021-06-18,2021,6,18,1,1,1
2021-06-19,2021,6,19,1,1,1
2021-06-20,2021,6,20,1,1,1
2021-06-21,2021,6,21,1,1,1
2021-06-22,2021,6,22,3,1,3
2021-06-23,2021,6,23,3,1,3
2021-06-24,2021,6,24,3,1,3
2021-06-25,2021,6,25,1,2,4
2021-06-26,2021,6,26,1,2,4
2021-06-27,2021,6,27,1,2,4
2021-06-28,2021,6,28,1,1,1
2021-06-29,2021,6,29,1,1,1
2021-06-30,2021,6,30,1,1,1
2021-07-01,2021,7,1,2,1,2
2021-07-02,2021,7,2,2,1,2
2021-07-03,2021,7,3,2,1,2
2021-07-04,2021,7,4,1,2,4
2021-07-05,2021,7,5,1,2,4
2021-07-06,2021,7,6,1,2,4
2021-07-07,2021,7,7,1,2,4
2021-07-08,2021,7,8,1,2,4
2021-07-09,2021,7,9,1,2,4
2021-07-10,2021,7,10,1,2,4
2021-07-11,2021,7,11,1,2,4
2021-07-12,2021,7,12,1,2,4
2021-07-13,2021,7,13,1,2,4
2021-07-14,2021,7,14,1,2,4
2021-07-15,2021,7,15,1,2,4
2021-07-16,2021,7,16,3,2,6
2021-07-17,2021,7,17,2,3,8
2021-07-18,2021,7,18,3,3,9
2021-07-19,2021,7,19,3,3,9
2021-07-20,2021,7,20,3,3,9
2021-07-21,2021,7,21,3,3,9
2021-07-22,2021,7,22,3,3,9
2021-07-23,2021,7,23,3,3,9
2021-07-24,2021,7,24,3,3,9
2021-07-25,2021,7,25,2,3,8
2021-07-26,2021,7,26,3,3,9
2021-07-27,2021,7,27,3,3,9
2021-07-28,2021,7,28,3,3,9
2021-07-29,2021,7,29,3,3,9
2021-07-30,2021,7,30,3,3,9
2021-07-31,2021,7,31,3,3,9
2021-08-01,2021,8,1,3,3,9
2021-08-02,2021,8,2,3,3,9
2021-08-03,2021,8,3,3,3,9
2021-08-04,2021,8,4,3,3,9
2021-08-05,2021,8,5,3,3,9
2021-08-06,2021,8,6,3,3,9
2021-08-07,2021,8,7,1,1,1
2021-08-08,2021,8,8,1,1,1
2021-08-09,2021,8,9,1,1,1
2021-08-10,2021,8,10,1,2,4
2021-08-11,2021,8,11,1,2,4
2021-08-12,2021,8,12,1,2,4
2021-08-13,2021,8,13,2,1,2
2021-08-14,2021,8,14,1,2,4
2021-08-15,2021,8,15,1,2,4
2021-08-16,2021,8,16,1,2,4
2021-08-17,2021,8,17,1,2,4
2021-08-18,2021,8,18,1,2,4
2021-08-19,2021,8,19,1,2,4
2021-08-20,2021,8,20,1,2,4
2021-08-21,2021,8,21,1,2,4
2021-08-22,2021,8,22,1,2,4
2021-08-23,2021,8,23,1,2,4
2021-08-24,2021,8,24,1,2,4
2021-08-25,2021,8,25,1,2,4
2021-08-26,2021,8,26,1,2,4
2021-08-27,2021,8,27,1,2,4
2021-08-28,2021,8,28,1,2,4
2021-08-29,2021,8,29,1,2,4
2021-08-30,2021,8,30,1,2,4
2021-08-31,2021,8,31,1,2,4
2022-06-01,2022,6,1,1,3,7
2022-06-02,2022,6,2,1,3,7
2022-06-03,2022,6,3,1,3,7
2022-06-04,2022,6,4,1,3,7
2022-06-05,2022,6,5,1,3,7
2022-06-06,2022,6,6,1,3,7
2022-06-07,2022,6,7,1,3,7
2022-06-08,2022,6,8,1,1,1
2022-06-09,2022,6,9,1,1,1
2022-06-10,2022,6,10,1,2,4
2022-06-11,2022,6,11,1,2,4
2022-06-12,2022,6,12,1,3,7
2022-06-13,2022,6,13,1,2,4
2022-06-14,2022,6,14,1,2,4
2022-06-15,2022,6,15,1,2,4
2022-06-16,2022,6,16,1,2,4
2022-06-17,2022,6,17,1,2,4
2022-06-18,2022,6,18,1,2,4
2022-06-19,2022,6,19,1,2,4
2022-06-20,2022,6,20,1,1,1
2022-06-21,2022,6,21,1,2,4
2022-06-22,2022,6,22,1,2,4
2022-06-23,2022,6,23,1,2,4
2022-06-24,2022,6,24,1,2,4
2022-06-25,2022,6,25,1,2,4
2022-06-26,2022,6,26,1,2,4
2022-06-27,2022,6,27,1,2,4
2022-06-28,2022,6,28,1,2,4
2022-06-29,2022,6,29,1,2,4
2022-06-30,2022,6,30,1,2,4
2022-07-01,2022,7,1,1,2,4
2022-07-02,2022,7,2,1,2,4
2022-07-03,2022,7,3,1,2,4
2022-07-04,2022,7,4,1,2,4
2022-07-05,2022,7,5,1,2,4
2022-07-06,2022,7,6,1,2,4
2022-07-07,2022,7,7,1,3,7
2022-07-08,2022,7,8,1,3,7
2022-07-09,2022,7,9,1,3,7
2022-07-10,2022,7,10,1,2,4
2022-07-11,2022,7,11,1,2,4
2022-07-12,2022,7,12,1,2,4
2022-07-13,2022,7,13,1,3,7
2022-07-14,2022,7,14,1,3,7
2022-07-15,2022,7,15,1,2,4
2022-07-16,2022,7,16,1,2,4
2022-07-17,2022,7,17,1,2,4
2022-07-18,2022,7,18,1,2,4
2022-07-19,2022,7,19,1,3,7
2022-07-20,2022,7,20,1,2,4
2022-07-21,2022,7,21,1,2,4
2022-07-22,2022,7,22,1,2,4
2022-07-23,2022,7,23,1,2,4
2022-07-24,2022,7,24,1,2,4
2022-07-25,2022,7,25,1,2,4
2022-07-26,2022,7,26,1,2,4
2022-07-27,2022,7,27,1,2,4
2022-07-28,2022,7,28,1,2,4
2022-07-29,2022,7,29,1,2,4
2022-07-30,2022,7,30,1,2,4
2022-07-31,2022,7,31,1,2,4
2022-08-01,2022,8,1,1,2,4
2022-08-02,2022,8,2,1,2,4
2022-08-03,2022,8,3,1,2,4
2022-08-04,2022,8,4,1,2,4
2022-08-05,2022,8,5,1,2,4
2022-08-06,2022,8,6,2,1,2
2022-08-07,2022,8,7,3,2,6
2022-08-08,2022,8,8,2,2,5
2022-08-09,2022,8,9,2,2,5
2022-08-10,2022,8,10,2,2,5
2022-08-11,2022,8,11,1,2,4
2022-08-12,2022,8,12,1,2,4
2022-08-13,2022,8,13,1,2,4
2022-08-14,2022,8,14,1,2,4
2022-08-15,2022,8,15,1,2,4
2022-08-16,2022,8,16,3,2,6
2022-08-17,2022,8,17,3,2,6
2022-08-18,2022,8,18,2,2,5
2022-08-19,2022,8,19,2,2,5
2022-08-20,2022,8,20,2,2,5
2022-08-21,2022,8,21,2,3,8
2022-08-22,2022,8,22,2,3,8
2022-08-23,2022,8,23,1,2,4
2022-08-24,2022,8,24,1,2,4
2022-08-25,2022,8,25,1,2,4
2022-08-26,2022,8,26,1,2,4
2022-08-27,2022,8,27,1,2,4
2022-08-28,2022,8,28,1,2,4
2022-08-29,2022,8,29,1,2,4
2022-08-30,2022,8,30,1,2,4
2022-08-31,2022,8,31,1,2,4
2023-06-01,2023,6,1,3,2,6
2023-06-02,2023,6,2,3,1,3
2023-06-03,2023,6,3,3,1,3
2023-06-04,2023,6,4,3,1,3
2023-06-05,2023,6,5,3,1,3
2023-06-06,2023,6,6,2,1,2
2023-06-07,2023,6,7,2,1,2
2023-06-08,2023,6,8,2,1,2
2023-06-09,2023,6,9,3,3,9
2023-06-10,2023,6,10,3,3,9
2023-06-11,2023,6,11,1,2,4
2023-06-12,2023,6,12,1,1,1
2023-06-13,2023,6,13,1,1,1
2023-06-14,2023,6,14,1,3,7
2023-06-15,2023,6,15,1,3,7
2023-06-16,2023,6,16,1,3,7
2023-06-17,2023,6,17,1,3,7
2023-06-18,2023,6,18,1,3,7
2023-06-19,2023,6,19,1,3,7
2023-06-20,2023,6,20,3,1,3
2023-06-21,2023,6,21,3,1,3
2023-06-22,2023,6,22,3,1,3
2023-06-23,2023,6,23,1,3,7
2023-06-24,2023,6,24,2,1,2
2023-06-25,2023,6,25,1,2,4
2023-06-26,2023,6,26,1,2,4
2023-06-27,2023,6,27,1,2,4
2023-06-28,2023,6,28,1,2,4
2023-06-29,2023,6,29,1,1,1
2023-06-30,2023,6,30,1,2,4
2023-07-01,2023,7,1,1,2,4
2023-07-02,2023,7,2,1,1,1
2023-07-03,2023,7,3,1,2,4
2023-07-04,2023,7,4,1,2,4
2023-07-05,2023,7,5,1,2,4
2023-07-06,2023,7,6,1,2,4
2023-07-07,2023,7,7,1,2,4
2023-07-08,2023,7,8,1,2,4
2023-07-09,2023,7,9,1,2,4
2023-07-10,2023,7,10,2,1,2
2023-07-11,2023,7,11,2,1,2
2023-07-12,2023,7,12,1,2,4
2023-07-13,2023,7,13,2,1,2
2023-07-14,2023,7,14,3,3,9
2023-07-15,2023,7,15,3,3,9
2023-07-16,2023,7,16,3,3,9
2023-07-17,2023,7,17,2,3,8
2023-07-18,2023,7,18,2,3,8
2023-07-19,2023,7,19,2,3,8
2023-07-20,2023,7,20,2,3,8
2023-07-21,2023,7,21,2,3,8
2023-07-22,2023,7,22,2,3,8
2023-07-23,2023,7,23,2,3,8
2023-07-24,2023,7,24,3,2,6
2023-07-25,2023,7,25,3,2,6
2023-07-26,2023,7,26,3,3,9
2023-07-27,2023,7,27,3,3,9
2023-07-28,2023,7,28,2,3,8
2023-07-29,2023,7,29,2,3,8
2023-07-30,2023,7,30,2,3,8
2023-07-31,2023,7,31,2,3,8
2023-08-01,2023,8,1,2,3,8
2023-08-02,2023,8,2,3,3,9
2023-08-03,2023,8,3,3,3,9
2023-08-04,2023,8,4,3,3,9
2023-08-05,2023,8,5,2,3,8
2023-08-06,2023,8,6,3,3,9
2023-08-07,2023,8,7,2,3,8
2023-08-08,2023,8,8,2,3,8
2023-08-09,2023,8,9,2,3,8
2023-08-10,2023,8,10,2,3,8
2023-08-11,2023,8,11,3,3,9
2023-08-12,2023,8,12,3,3,9
2023-08-13,2023,8,13,3,3,9
2023-08-14,2023,8,14,3,3,9
2023-08-15,2023,8,15,3,3,9
2023-08-16,2023,8,16,3,3,9
2023-08-17,2023,8,17,3,3,9
2023-08-18,2023,8,18,3,3,9
2023-08-19,2023,8,19,2,3,8
2023-08-20,2023,8,20,2,3,8
2023-08-21,2023,8,21,2,2,5
2023-08-22,2023,8,22,2,2,5
2023-08-23,2023,8,23,2,2,5
2023-08-24,2023,8,24,2,2,5
2023-08-25,2023,8,25,2,2,5
2023-08-26,2023,8,26,2,3,8
2023-08-27,2023,8,27,2,3,8
2023-08-28,2023,8,28,3,3,9
2023-08-29,2023,8,29,3,3,9
2023-08-30,2023,8,30,3,3,9
2023-08-31,2023,8,31,3,3,9
